employee_id,department,years_of_service,performance_score,basic_salary,hra,other_allowances,overtime_hours,bonuses,tax_deductions,other_deductions,net_salary,is_anomaly,anomaly_type
EMP00715,Sales,20,96.4,43547.67,14174.03,7834.46,5.6,0.0,6994.66,3060.62,57787.13,0,Normal
EMP00606,HR,12,47.9,48952.03,21623.39,11382.47,8.9,0.0,11210.43,3891.95,70939.94,0,Normal
EMP00121,Operations,19,93.7,39021.21,14923.84,3958.87,1.9,,10020.91,952.7,47625.38,0,Normal
EMP00209,Operations,15,95.7,39996.8,15512.6,6080.69,9.6,7049.01,11942.41,1309.01,58987.39,0,Normal
EMP00381,Management,13,42.7,81427.61,28063.7,18591.69,3.5,0.0,10052.88,5266.65,115435.31,0,Normal
EMP00816,Management,14,76.4,365217.58,146087.03,54782.64,11.4,54782.64,73043.52,18260.88,568598.12,1,salary_spike
EMP00576,HR,10,70.8,30143.14,13347.67,4505.28,3.2,0.0,5022.58,2233.29,41644.51,0,Normal
EMP00267,HR,13,55.7,37560.9,11490.51,8984.3,2.0,0.0,10313.32,2925.71,45500.95,0,Normal
EMP00558,Finance,24,73.2,67028.85,20656.15,9319.26,1.7,0.0,15111.14,2203.71,80757.68,0,Normal
EMP00825,Management,7,83.5,349163.84,139665.54,52374.58,3.7,52374.58,69832.77,17458.19,518399.2,1,salary_spike
EMP00581,Management,17,90.0,83224.41,41288.08,17501.63,13.9,0.0,9094.23,2154.48,141610.59,0,Normal
EMP00328,HR,14,66.6,37955.83,15058.62,4518.31,1.1,0.0,5609.62,1601.52,50713.04,0,Normal
EMP00624,Engineering,16,42.6,54189.15,20293.66,9308.2,60.0,0.0,5670.2,3136.37,105465.84,0,Normal
EMP00366,Operations,19,69.2,41049.34,16373.73,7451.85,1.5,3280.72,8817.27,2249.62,57666.01,0,Normal
EMP00747,Sales,25,67.4,35869.09,16647.27,,0.8,2774.45,7595.11,2109.12,51099.86,0,Normal
EMP00199,Engineering,14,89.2,53441.14,26062.52,11170.93,2.3,,7543.18,3212.24,81071.49,0,Normal
EMP00457,Engineering,13,64.8,66324.02,31093.25,8950.4,4.2,0.0,12302.68,2636.42,94040.08,0,Normal
EMP00466,HR,24,72.4,30856.79,12735.24,4257.95,2.0,0.0,8751.66,1873.01,37803.87,0,Normal
EMP00312,Finance,8,78.9,38211.86,13128.19,,3.2,0.0,7819.93,1632.18,50071.66,0,Normal
EMP00332,Sales,22,64.7,41554.09,19167.48,4589.89,8.4,0.0,9717.78,2462.3,56403.76,0,Normal
EMP00394,Finance,17,87.8,49264.38,18646.47,7855.19,10.8,8459.09,13686.34,3750.04,71776.77,0,Normal
EMP00635,Engineering,9,51.6,70315.57,25339.36,11084.69,7.7,8583.91,15154.56,3820.43,101424.45,0,Normal
EMP00788,Engineering,3,71.9,59793.39,18718.46,13412.78,19.6,10538.27,6812.81,2382.6,104254.53,0,Normal
EMP00743,Operations,29,93.9,45559.97,20557.22,8869.68,5.1,0.0,8379.38,1846.95,66938.88,0,Normal
EMP00851,Engineering,2,76.1,45391.57,18156.63,6808.74,14.2,308895.77,9078.31,2269.58,373947.57,1,bonus_abuse
EMP00138,Management,21,63.1,99651.7,43898.1,23729.98,3.7,0.0,28828.25,3632.58,138275.62,0,Normal
EMP00809,HR,22,73.0,0.0,6890.27,8948.23,0.0,43480.23,0.0,0.0,59318.73,1,ghost_employee
EMP00441,Operations,11,96.6,27341.06,8258.66,5280.12,0.5,0.0,3960.76,582.14,36465.1,0,Normal
EMP00859,Engineering,27,69.8,42909.04,17163.62,6436.36,243.0,4290.9,8581.81,2145.45,157824.82,1,impossible_overtime
EMP00433,Operations,3,64.3,26625.15,12327.27,6433.23,4.0,0.0,5221.51,1982.92,39179.66,0,Normal
EMP00297,Management,3,94.6,108570.06,52955.88,14368.95,0.9,0.0,19752.74,6146.18,150912.03,0,Normal
EMP00522,Management,25,41.2,93948.83,36616.82,15514.73,1.0,0.0,24729.73,6351.56,115879.86,0,Normal
EMP00676,Finance,9,73.0,46916.26,16278.4,11559.37,2.4,0.0,9830.68,1738.56,64240.41,0,Normal
EMP00293,Engineering,19,70.0,52027.82,18010.51,7771.21,0.2,3768.14,15246.83,1874.32,64554.08,0,Normal
EMP00137,Finance,14,72.7,29584.17,14138.99,6882.01,0.8,0.0,6649.38,2257.73,41919.94,0,Normal
EMP00529,Sales,23,45.8,32470.95,14993.79,6119.14,3.0,0.0,9560.15,1207.02,43729.96,0,Normal
EMP00659,Finance,20,72.6,49082.84,14993.04,6112.2,1.7,3846.31,8754.42,1740.78,64321.45,0,Normal
EMP00097,Sales,23,64.9,37613.68,14398.52,8025.49,8.7,0.0,10965.21,1388.43,50751.92,0,Normal
EMP00291,Management,29,55.1,74056.79,28128.28,,21.8,0.0,8450.21,4221.28,117706.11,0,Normal
EMP00694,Operations,22,71.2,31001.52,10103.92,3828.71,0.9,0.0,8535.41,1667.0,34993.32,0,Normal
EMP00040,Engineering,5,75.9,31646.21,11309.88,3655.73,2.9,5234.92,4170.23,1289.45,47247.44,0,Normal
EMP00068,Operations,15,44.6,37365.98,16101.11,8998.99,6.1,0.0,7554.78,2014.94,55033.23,0,Normal
EMP00837,Finance,8,90.3,43404.94,17361.98,6510.74,27.0,4340.49,8680.99,2170.25,251138.26,1,net_salary_inconsistency
EMP00329,Sales,12,52.1,54965.4,27005.67,7638.01,4.8,2974.89,10979.24,2855.82,81222.35,0,Normal
EMP00266,Management,19,86.8,53564.02,22018.15,7429.98,2.4,3144.98,10258.57,4122.18,72981.57,0,Normal
EMP00031,Engineering,27,65.7,53692.23,26104.79,,6.4,0.0,9985.22,1528.76,83405.38,0,Normal
EMP00361,Finance,6,91.9,45620.05,13874.21,6650.92,6.2,5893.92,11941.34,2685.03,60064.4,0,Normal
EMP00847,Sales,7,58.7,25157.85,10063.14,3773.68,28.9,2515.78,5031.57,1257.89,4203.72,1,net_salary_inconsistency
EMP00666,HR,19,72.1,43808.14,16051.37,8789.2,10.5,6925.46,6931.66,2199.69,70755.18,0,Normal
EMP00760,Operations,1,76.4,32038.51,10772.32,7880.61,14.2,1734.64,3828.32,2212.95,50649.94,0,Normal
EMP00641,Operations,20,40.1,22366.71,8980.73,4598.87,5.3,0.0,3223.67,1616.76,32217.23,0,Normal
EMP00307,Operations,27,75.0,48571.67,22028.41,6732.82,9.0,3334.26,12055.42,2895.04,69814.93,0,Normal
EMP00351,Sales,27,93.6,40820.82,18488.17,9808.1,0.5,0.0,8028.99,2624.58,58654.87,0,Normal
EMP00500,Operations,16,56.2,62013.07,28257.65,10241.0,2.2,3962.25,11699.22,3489.26,90564.51,0,Normal
EMP00602,Operations,8,51.2,29784.4,10433.27,7051.13,33.9,2880.1,5104.55,746.5,53763.71,0,Normal
EMP00443,Engineering,25,96.2,48836.21,23702.63,5070.82,6.7,4224.91,9115.34,3837.95,71948.8,0,Normal
EMP00570,Engineering,22,77.7,36193.6,11415.5,7631.99,3.6,0.0,7112.59,2520.59,46829.44,0,Normal
EMP00175,Sales,14,41.3,36371.08,12449.87,4260.06,3.4,0.0,5314.36,2013.56,46912.42,0,Normal
EMP00245,Engineering,10,99.9,58445.91,23750.75,9571.95,0.8,0.0,16241.12,4524.88,71440.95,0,Normal
EMP00024,Finance,11,44.1,49946.08,22226.58,10021.16,3.3,0.0,6180.92,1218.94,76339.17,0,Normal
EMP00261,Engineering,14,66.5,48341.12,17382.89,6484.21,5.9,7782.97,11883.24,2800.58,67981.24,0,Normal
EMP00644,Engineering,25,60.6,47148.65,22351.8,7855.08,2.5,5782.73,6278.16,3129.32,74835.83,0,Normal
EMP00395,Management,3,82.3,59752.19,28642.55,8340.19,0.5,0.0,15750.37,4573.57,76691.08,0,Normal
EMP00067,Operations,1,40.7,32074.79,13713.03,3623.21,4.6,5398.93,4928.92,991.91,50272.36,0,Normal
EMP00169,Operations,23,41.3,59906.01,20972.94,,5.8,0.0,8289.21,4533.52,79681.51,0,Normal
EMP00787,Sales,26,99.1,20484.98,6659.53,2155.78,1.6,3082.06,2368.6,1587.22,28733.8,0,Normal
EMP00513,Management,26,57.6,100839.74,50405.28,16449.36,15.7,16336.02,10535.89,2897.3,185439.56,0,Normal
EMP00618,Sales,10,64.0,34860.71,14243.17,8299.48,8.0,0.0,7419.61,1560.92,51037.38,0,Normal
EMP00674,Operations,6,93.6,35369.99,14696.38,7862.79,29.7,0.0,5434.28,2453.4,59889.81,0,Normal
EMP00857,Engineering,11,41.3,32605.04,13042.02,4890.76,337.6,3260.5,6521.01,1630.25,148842.01,1,impossible_overtime
EMP00671,Engineering,15,74.3,38681.2,16512.21,4834.32,7.4,6057.5,6692.24,2259.49,59817.01,0,Normal
EMP00111,Finance,28,62.5,41607.91,19158.7,9499.71,1.3,0.0,6970.62,2050.41,61752.39,0,Normal
EMP00087,Sales,23,65.2,37606.32,16922.22,5841.97,1.7,5902.62,4470.85,1555.3,60846.33,0,Normal
EMP00295,HR,19,89.2,39189.97,14591.37,5560.74,17.8,7415.05,6226.99,813.91,66256.06,0,Normal
EMP00140,Finance,22,90.3,70476.06,30592.39,10044.03,6.3,0.0,11868.65,2314.89,101091.43,0,Normal
EMP00706,Finance,21,49.6,52546.81,17145.14,7429.32,16.2,3856.4,12386.58,1872.25,74699.39,0,Normal
EMP00474,Operations,11,86.4,41212.24,17077.95,6728.9,3.3,0.0,11124.77,1982.12,53187.2,0,Normal
EMP00496,Operations,4,55.0,28408.2,9630.98,3752.62,2.6,2584.42,6602.57,658.59,37807.51,0,Normal
EMP00650,HR,4,52.7,33793.55,14006.88,3529.6,7.3,0.0,6895.54,1258.78,45488.46,0,Normal
EMP00064,Finance,29,45.4,61884.83,23334.11,10569.72,6.2,10760.65,11791.91,3775.02,94579.44,0,Normal
EMP00826,Engineering,24,77.7,53469.98,21387.99,8020.5,0.1,370450.37,10694.0,2673.5,440011.47,1,bonus_abuse
EMP00213,Management,7,83.2,101879.12,32022.89,17409.79,1.8,0.0,21666.25,6930.23,124434.53,0,Normal
EMP00817,Finance,12,77.8,41022.41,16408.96,6153.36,15.7,4102.24,-4099.57,-865.91,78690.44,1,negative_deduction
EMP00066,Finance,29,91.0,42658.27,19798.92,10362.71,4.0,0.0,6098.34,2896.9,65424.35,0,Normal
EMP00752,Engineering,3,72.4,65381.59,21175.57,7719.18,11.0,0.0,7959.71,3953.09,89106.02,0,Normal
EMP00792,Operations,8,56.5,40412.56,16767.21,8257.39,10.7,0.0,7820.67,2300.22,59370.15,0,Normal
EMP00079,Finance,6,48.4,57141.8,23917.41,13483.58,13.0,0.0,9042.82,4355.24,88108.89,0,Normal
EMP00228,Engineering,3,43.4,58868.53,23641.92,11600.35,5.7,0.0,9385.28,2258.04,85613.27,0,Normal
EMP00212,Operations,14,85.5,32101.68,14803.36,5592.2,0.5,0.0,6024.23,1958.62,44664.87,0,Normal
EMP00232,Finance,28,59.6,58535.37,28526.49,14157.17,7.9,8653.48,15523.23,1367.97,97316.59,0,Normal
EMP00287,Engineering,10,53.8,56769.92,22036.64,13881.31,3.8,0.0,7674.42,3739.94,83295.94,0,Normal
EMP00555,Operations,4,87.4,46770.59,21107.71,8794.83,1.9,0.0,13035.9,1944.3,62526.03,0,Normal
EMP00339,Engineering,25,94.6,60664.99,18681.53,6800.13,0.5,3389.19,7097.0,3298.59,79424.62,0,Normal
EMP00710,Sales,17,99.5,40498.85,13114.12,7719.08,13.6,0.0,5704.24,2990.04,57801.37,0,Normal
EMP00678,Sales,5,87.8,39537.84,16364.88,4982.34,1.4,0.0,7082.83,2027.65,52293.51,0,Normal
EMP00050,Management,12,49.1,79338.67,38901.4,16185.67,9.8,0.0,20200.75,3539.48,117974.75,0,Normal
EMP00523,Management,15,59.5,97000.34,31452.41,14664.22,7.4,0.0,13962.26,2024.33,133859.78,0,Normal
EMP00634,Engineering,26,40.6,55784.74,22794.91,9551.04,2.3,0.0,8190.95,1360.47,79782.13,0,Normal
EMP00569,Operations,10,62.3,46961.61,15577.07,6978.26,0.3,0.0,9336.78,2950.2,57362.04,0,Normal
EMP00658,Finance,14,61.0,44102.96,20797.69,10627.86,8.1,0.0,12486.64,1038.77,65352.17,0,Normal
EMP00667,HR,25,43.9,34692.26,12098.83,8023.95,7.9,0.0,8397.2,831.05,48156.19,0,Normal
EMP00856,Finance,15,62.4,40863.5,16345.4,6129.52,379.8,4086.35,8172.7,2043.18,202708.49,1,impossible_overtime
EMP00686,Finance,5,51.9,55972.33,17438.03,12238.06,11.1,9183.92,13684.11,2019.13,84953.72,0,Normal
EMP00780,Operations,5,76.4,39110.15,14675.08,6183.38,5.6,0.0,6354.2,2544.44,53123.25,0,Normal
EMP00034,HR,23,96.0,32690.3,11783.54,6494.14,9.6,0.0,5876.08,1132.47,46901.56,0,Normal
EMP00032,Finance,3,79.7,57733.61,26268.68,6430.26,2.5,0.0,12677.34,3783.73,75324.61,0,Normal
EMP00550,Sales,2,47.2,38101.26,18834.6,6669.0,7.3,0.0,5273.88,2368.52,58570.01,0,Normal
EMP00607,Engineering,24,83.5,63335.73,24273.03,10603.43,1.9,0.0,9141.31,2591.7,87607.35,0,Normal
EMP00482,Engineering,23,97.5,62377.04,19078.41,7622.41,0.6,0.0,7276.17,1339.66,80812.9,0,Normal
EMP00690,Finance,18,91.0,44952.28,18541.67,9237.02,5.5,0.0,8487.42,3173.57,63387.83,0,Normal
EMP00077,Operations,17,56.8,27009.49,10574.58,3829.88,1.3,0.0,4589.19,1330.76,35823.18,0,Normal
EMP00248,Engineering,1,67.8,43835.09,17244.36,8560.51,1.7,2503.73,5288.95,2237.89,65315.47,0,Normal
EMP00480,Operations,16,52.1,23155.37,8649.07,4961.32,1.3,0.0,3249.61,1399.6,32398.76,0,Normal
EMP00282,Sales,6,78.0,40468.94,15141.07,5933.98,7.8,0.0,8162.74,2011.17,54329.37,0,Normal
EMP00110,Sales,6,59.0,39528.18,17136.8,7613.72,0.3,7795.05,5099.23,1231.48,65854.21,0,Normal
EMP00073,Management,8,73.0,83337.07,30502.55,13703.27,0.0,5343.65,9505.7,2416.48,120964.36,0,Normal
EMP00078,Operations,7,57.6,36708.21,18264.02,5810.61,1.6,0.0,7153.68,1504.06,52675.72,0,Normal
EMP00838,Engineering,11,96.7,70719.99,28288.0,10608.0,14.7,393239.09,14144.0,3536.0,494921.18,1,bonus_abuse
EMP00545,Sales,27,58.4,35242.21,11456.95,4061.72,0.4,6294.63,5026.23,2065.38,50096.06,0,Normal
EMP00083,Sales,8,98.3,46145.09,14308.65,5951.68,5.3,9078.16,6849.94,2753.48,68172.99,0,Normal
EMP00544,Engineering,21,81.6,53089.11,21226.97,8359.71,2.8,0.0,6835.65,2031.14,75202.59,0,Normal
EMP00358,Operations,27,72.8,37091.03,14110.69,7480.54,2.3,0.0,10068.56,937.29,48476.19,0,Normal
EMP00502,Finance,23,95.1,56519.68,20030.09,9486.23,11.9,0.0,9192.55,3997.01,79151.92,0,Normal
EMP00517,Sales,5,45.4,41393.14,15909.71,6058.23,0.3,0.0,8646.64,1724.49,53106.37,0,Normal
EMP00454,Sales,17,88.2,35012.72,12431.55,5467.14,0.3,0.0,9375.46,1588.26,42046.16,0,Normal
EMP00384,Operations,1,98.3,44278.43,16805.72,7180.54,1.7,0.0,9942.03,2556.03,56472.32,0,Normal
EMP00378,Management,13,67.5,70586.41,26208.43,17489.79,20.8,0.0,18852.3,1598.54,107598.14,0,Normal
EMP00820,Sales,21,69.8,42219.13,16887.65,6332.87,4.3,240277.8,8443.83,2110.96,296864.62,1,bonus_abuse
EMP00303,Management,22,44.8,92782.34,27966.2,12577.52,12.1,0.0,14561.25,5316.89,123972.92,0,Normal
EMP00347,Engineering,7,76.0,54380.85,19031.83,9078.82,5.6,0.0,10972.67,2259.59,72114.23,0,Normal
EMP00006,Engineering,11,69.0,46913.21,23103.55,5032.07,3.3,4511.6,9563.23,2913.57,68535.01,0,Normal
EMP00055,Operations,19,56.0,34224.24,11862.07,3513.25,0.7,0.0,5718.48,2685.37,41420.31,0,Normal
EMP00425,Management,16,56.4,74085.44,31519.26,11715.6,0.1,0.0,20704.83,4788.1,91896.83,0,Normal
EMP00292,HR,24,42.5,45294.05,21881.11,8283.62,3.9,3667.38,5117.8,1631.36,74033.06,0,Normal
EMP00276,Management,1,44.0,86170.11,32523.32,17748.7,15.6,0.0,24100.46,1950.01,122994.04,0,Normal
EMP00098,Operations,12,79.1,36290.2,13309.93,8309.26,2.8,0.0,8459.7,2683.56,47718.75,0,Normal
EMP00689,Sales,4,49.7,30962.58,9940.68,3321.15,20.4,0.0,7389.45,1561.28,41195.27,0,Normal
EMP00824,Finance,2,49.3,54679.49,21871.8,8201.92,247.1,5467.95,10935.9,2733.97,203219.75,1,impossible_overtime
EMP00445,Engineering,16,98.8,68813.04,21925.34,11444.96,29.4,0.0,8349.96,5236.8,107563.17,0,Normal
EMP00616,Management,21,79.2,60765.03,25801.97,12704.57,6.2,6183.92,17077.71,4338.9,87570.85,0,Normal
EMP00508,Management,6,40.3,101656.8,44072.24,20036.76,6.8,0.0,22442.23,3782.58,146021.61,0,Normal
EMP00085,Engineering,20,99.6,81909.17,27000.85,10681.57,14.0,0.0,11387.88,1648.87,117305.42,0,Normal
EMP00011,Engineering,29,71.6,44487.97,21823.54,,13.2,0.0,12031.4,3360.82,67225.28,0,Normal
EMP00654,Sales,22,46.8,41554.74,19693.37,6909.88,3.2,4632.36,5812.34,1855.9,66368.75,0,Normal
EMP00333,Engineering,1,94.3,70526.62,26161.86,9416.06,3.6,10086.51,18016.71,4623.19,95931.42,0,Normal
EMP00673,Engineering,26,52.0,62326.56,25175.03,7200.77,0.0,4262.98,7300.89,3873.8,87790.65,0,Normal
EMP00119,Operations,3,,43777.92,17791.09,8202.6,12.1,2899.55,4613.35,2868.47,70155.4,0,Normal
EMP00260,Operations,29,54.1,20000.0,6401.19,2691.7,2.3,2436.04,3966.16,454.77,27539.25,0,Normal
EMP00255,Sales,18,58.6,47184.03,15467.25,7623.35,9.2,4447.59,10772.46,2625.05,65394.33,0,Normal
EMP00030,Engineering,7,99.7,46624.1,21985.81,10801.54,11.3,0.0,5975.01,1515.09,76860.59,0,Normal
EMP00211,Management,11,89.8,102127.59,49055.22,22428.65,11.3,11318.55,12247.59,6372.29,177129.27,0,Normal
EMP00382,HR,27,56.0,40179.34,12587.75,7510.67,0.7,0.0,7122.88,2970.56,50448.0,0,Normal
EMP00214,Finance,19,61.3,38408.3,13434.56,7179.51,5.4,0.0,6102.16,1191.89,53672.74,0,Normal
EMP00796,Operations,23,81.4,51382.15,18854.61,5264.37,16.0,0.0,13120.07,1186.75,68901.63,0,Normal
EMP00082,Engineering,20,88.2,52151.23,23114.59,7077.75,2.1,9200.53,8200.99,3423.4,80946.44,0,Normal
EMP00716,Engineering,4,55.6,48065.01,22999.91,7630.62,14.5,0.0,9764.0,2352.26,73113.12,0,Normal
EMP00343,Engineering,27,52.3,52516.69,24735.21,11128.93,3.9,,8551.73,2177.44,84311.69,0,Normal
EMP00540,Finance,12,40.3,43863.67,21574.25,5187.33,2.0,0.0,7484.96,3346.57,60616.16,0,Normal
EMP00315,Engineering,16,97.8,59778.15,28267.96,7947.9,3.5,0.0,16950.41,2962.71,78042.36,0,Normal
EMP00756,Operations,18,64.7,37572.56,13956.22,7198.02,5.8,0.0,7365.15,2675.75,50728.91,0,Normal
EMP00210,Finance,13,44.7,79051.34,26032.18,17471.27,11.2,0.0,10197.98,2975.63,117681.57,0,Normal
EMP00251,Engineering,22,50.1,72940.29,27747.84,11564.28,3.9,0.0,16049.87,2321.38,96548.04,0,Normal
EMP00519,Sales,23,70.9,41535.35,18476.4,4451.29,35.7,0.0,11079.87,2945.7,64338.83,0,Normal
EMP00737,Sales,14,51.2,37630.39,15427.58,4547.4,7.0,4309.77,9569.06,2574.86,52240.71,0,Normal
EMP00412,HR,7,43.1,36699.91,15193.1,6496.3,2.2,0.0,8482.46,877.36,49786.43,0,Normal
EMP00712,Operations,15,54.6,35025.54,16099.38,7316.33,3.9,2489.76,3524.35,1589.83,57097.45,0,Normal
EMP00491,Operations,5,50.2,21391.49,9574.09,2143.8,1.6,0.0,2884.57,1352.18,29193.5,0,Normal
EMP00612,Sales,21,74.5,24402.12,9799.56,2901.55,5.1,0.0,4514.78,869.33,32885.85,0,Normal
EMP00236,Operations,16,74.7,47575.74,20033.43,8996.17,1.4,0.0,10890.62,2125.35,64213.8,0,Normal
EMP00334,Sales,5,85.0,54898.93,25385.76,9112.49,6.5,6069.69,13287.27,1471.43,84053.57,0,Normal
EMP00216,HR,6,69.0,42948.18,19782.33,7683.71,4.2,0.0,7940.92,1183.35,62981.03,0,Normal
EMP00795,HR,23,78.5,32441.55,12992.21,7856.31,0.8,2243.71,3296.54,1636.25,50844.3,0,Normal
EMP00008,HR,16,76.3,37725.18,16337.94,7886.26,10.6,0.0,7846.18,1321.53,56530.61,0,Normal
EMP00193,Sales,3,69.1,33212.16,15663.94,5639.29,3.9,0.0,5685.52,2451.92,47592.27,0,Normal
EMP00156,Sales,29,78.7,44820.71,19453.74,4504.37,10.6,0.0,10235.13,2825.42,60172.33,0,Normal
EMP00320,Engineering,1,84.9,46055.87,21794.8,7768.95,7.4,0.0,5440.81,3280.37,70093.57,0,Normal
EMP00102,Operations,25,77.7,33856.64,15557.28,6242.17,34.6,0.0,7426.79,2397.96,56813.59,0,Normal
EMP00369,Operations,5,68.1,39644.23,15259.03,7261.19,0.5,0.0,7916.78,932.57,53500.93,0,Normal
EMP00774,Engineering,11,71.6,46130.76,18026.51,7107.01,7.8,4235.61,11072.88,2790.5,65009.82,0,Normal
EMP00726,Operations,6,93.9,40140.59,17610.37,6261.28,1.2,5408.89,7097.05,3062.31,59713.35,0,Normal
EMP00484,Operations,20,87.1,42868.79,17241.76,9801.25,3.4,0.0,10831.37,862.67,59584.2,0,Normal
EMP00003,Engineering,20,71.8,63627.64,28092.3,8414.3,5.5,,12441.29,4944.92,97540.08,0,Normal
EMP00197,Management,6,93.7,109232.36,49797.52,19543.16,11.0,16802.99,15574.98,2970.2,188095.44,0,Normal
EMP00465,Finance,10,45.2,58576.44,24794.18,10735.92,8.5,9727.8,14007.29,2083.26,92411.6,0,Normal
EMP00745,Operations,7,61.9,33160.88,12491.21,6070.24,12.5,0.0,3370.47,930.38,51307.52,0,Normal
EMP00219,Engineering,7,49.4,47916.43,23730.8,7207.0,8.6,0.0,5193.71,2939.01,74584.77,0,Normal
EMP00769,Operations,21,40.5,34204.69,16930.0,6879.38,10.6,5431.92,5510.62,1151.09,60183.37,0,Normal
EMP00488,HR,23,71.5,44759.76,17765.49,5075.66,10.2,0.0,9100.01,3147.22,59633.83,0,Normal
EMP00803,Engineering,18,48.1,54599.07,21839.63,8189.86,15.9,5459.91,-3560.13,-793.46,102580.73,1,negative_deduction
EMP00549,Finance,8,93.5,68693.62,27767.28,13433.39,2.1,0.0,18246.88,2660.35,90339.47,0,Normal
EMP00317,HR,8,88.4,30746.8,9996.65,3808.29,1.1,0.0,3812.45,1634.62,39421.75,0,Normal
EMP00807,Management,22,,36892.68,14757.07,5533.9,7.7,18446.34,1844.63,737.85,75710.7,1,duplicate_manipulation
EMP00758,HR,24,49.9,51574.29,15866.32,5903.12,21.0,9659.74,10926.1,2234.88,79996.18,0,Normal
EMP00533,HR,1,91.5,44510.51,15947.68,6064.53,4.8,6822.91,8283.97,2650.51,64414.12,0,Normal
EMP00665,Engineering,24,90.8,46043.83,18907.78,10699.39,0.9,6309.62,8271.41,1050.15,73027.55,0,Normal
EMP00327,Finance,6,90.7,56923.63,19537.94,7281.58,0.5,0.0,8812.27,1234.95,73962.76,0,Normal
EMP00417,Engineering,25,73.8,77186.49,30157.33,11877.45,4.8,7501.37,22565.26,3929.24,103701.53,0,Normal
EMP00080,Operations,9,81.8,34621.49,11498.17,7906.72,6.9,0.0,8284.52,1860.97,46120.47,0,Normal
EMP00149,Operations,17,45.6,28408.66,11048.95,6894.49,7.8,0.0,6788.47,923.3,40717.71,0,Normal
EMP00426,Engineering,2,51.2,63833.47,27317.81,12158.63,12.8,0.0,9399.61,3425.36,98144.96,0,Normal
EMP00281,HR,4,80.5,46243.54,20229.13,,17.5,0.0,5622.57,3110.83,74272.74,0,Normal
EMP00427,Finance,11,44.5,28111.78,11724.04,3696.09,3.2,,3241.14,1527.32,39606.8,0,Normal
EMP00364,Engineering,21,92.2,54648.33,23459.36,10994.43,2.0,0.0,7400.7,1772.28,80953.8,0,Normal
EMP00695,HR,9,77.0,38634.62,14194.5,5529.26,2.2,0.0,10360.61,2124.57,46670.04,0,Normal
EMP00452,Operations,10,82.5,33473.15,10371.73,5714.83,2.6,5695.9,7529.95,1438.98,47102.59,0,Normal
EMP00538,Operations,2,,45669.99,19944.89,6064.01,3.3,0.0,11116.42,3599.61,58375.78,0,Normal
EMP00134,Finance,1,81.2,38772.65,12813.92,9314.16,2.1,3191.92,6824.83,1318.89,56712.27,0,Normal
EMP00431,Management,21,67.6,95979.68,37000.59,22583.03,9.7,0.0,24896.09,3840.73,135554.63,0,Normal
EMP00166,Operations,20,89.3,20000.0,6746.03,3615.64,3.1,0.0,5333.5,422.92,25186.5,0,Normal
EMP00526,Operations,2,95.8,33592.73,12660.65,4373.11,15.1,0.0,7839.5,1831.14,45711.32,0,Normal
EMP00056,Sales,23,62.5,33088.75,12485.26,3666.73,5.8,4639.21,9881.34,875.78,44922.03,0,Normal
EMP00479,Finance,13,87.2,28913.96,12707.25,5333.05,6.2,0.0,8492.94,1677.33,38464.61,0,Normal
EMP00670,Engineering,20,46.2,51683.17,20542.55,5891.33,1.3,0.0,9280.8,2207.86,67258.28,0,Normal
EMP00528,Engineering,5,81.2,66386.86,24998.51,16179.98,7.1,0.0,16007.02,3370.11,92607.1,0,Normal
EMP00430,Engineering,1,55.0,47391.01,17419.45,8765.81,5.5,7174.8,8694.41,957.12,73543.14,0,Normal
EMP00435,Operations,22,94.6,40563.56,19581.11,4076.32,10.2,7219.27,7491.99,2128.21,65698.95,0,Normal
EMP00205,Finance,11,77.3,52179.85,16736.69,6727.27,14.3,0.0,8306.93,3552.71,70779.53,0,Normal
EMP00592,Sales,29,,35003.24,14909.99,4029.65,2.0,0.0,8776.36,2785.04,43037.79,0,Normal
EMP00585,Operations,18,49.2,43047.99,14212.13,6406.63,1.7,0.0,5245.72,2466.95,56640.16,0,Normal
EMP00841,Management,20,72.6,48792.53,19517.01,7318.88,4.5,4879.25,9758.51,2439.63,7036.8,1,net_salary_inconsistency
EMP00335,Engineering,18,49.1,53851.85,26095.7,9213.36,4.3,5024.38,7599.47,4277.66,84479.06,0,Normal
EMP00794,Engineering,8,59.8,58194.21,25174.23,6010.86,2.5,0.0,8258.1,1597.93,80887.2,0,Normal
EMP00061,Finance,8,73.2,52609.45,23324.91,10290.57,2.8,0.0,6885.25,1177.03,79543.65,0,Normal
EMP00200,HR,10,99.6,33237.43,16501.04,5102.29,35.8,6236.58,5579.62,1943.62,64709.41,0,Normal
EMP00432,Finance,17,49.6,47731.25,14909.37,11231.3,11.8,0.0,9844.41,2843.34,66464.44,0,Normal
EMP00614,Sales,5,95.8,42415.64,19779.15,8104.03,5.5,0.0,10875.23,1753.49,59857.16,0,Normal
EMP00448,Finance,23,91.1,50122.75,16892.89,6647.76,0.1,0.0,12528.22,2971.14,58211.03,0,Normal
EMP00301,Operations,15,69.1,37762.58,18659.56,6087.57,1.0,3724.85,7195.78,2017.63,57375.17,0,Normal
EMP00573,Finance,27,92.1,48136.8,17754.43,5350.37,5.6,0.0,6899.09,1730.5,65139.19,0,Normal
EMP00299,Operations,6,42.9,26674.72,12611.12,5752.26,13.1,,5160.13,1107.02,42046.94,0,Normal
EMP00498,Finance,22,99.2,35339.52,13798.99,6271.59,3.2,0.0,7064.98,2369.52,47035.79,0,Normal
EMP00568,Finance,24,63.6,42708.42,14526.42,7132.17,1.0,0.0,6357.19,2823.83,55586.38,0,Normal
EMP00418,Engineering,27,61.8,60752.39,23763.08,8077.18,7.5,0.0,9007.89,2255.77,85600.64,0,Normal
EMP00310,Operations,23,80.8,35328.78,15093.25,5303.69,4.1,0.0,4617.03,2008.85,50457.79,0,Normal
EMP00698,HR,4,72.8,42537.73,14716.68,8435.7,25.3,2833.94,12011.64,2774.39,63827.44,0,Normal
EMP00501,Engineering,16,62.1,46314.26,21779.24,9442.93,12.8,0.0,6167.25,2117.94,74808.95,0,Normal
EMP00775,Finance,9,63.8,52161.16,24889.03,8688.76,16.5,4770.91,14769.46,3194.69,80614.39,0,Normal
EMP00091,Finance,21,68.0,50451.49,18844.03,9869.3,7.5,0.0,11594.8,3920.11,67197.28,0,Normal
EMP00808,Management,17,56.5,107664.81,43065.92,16149.72,6.0,10766.48,-3984.64,-545.76,188233.48,1,negative_deduction
EMP00182,Sales,23,74.0,49486.15,23163.53,7418.11,4.4,6359.75,7794.66,2051.48,78622.7,0,Normal
EMP00848,HR,26,70.4,40279.53,16111.81,6041.93,16.6,224163.77,8055.91,2013.98,282795.65,1,bonus_abuse
EMP00410,Management,10,86.6,77313.74,30840.69,18762.77,20.3,13528.51,21108.52,3451.89,130599.07,0,Normal
EMP00805,Sales,23,88.8,54699.64,21879.86,8204.95,331.5,5469.96,10939.93,2734.98,246575.72,1,impossible_overtime
EMP00159,HR,9,92.6,44322.47,14886.16,10747.97,18.7,0.0,12457.14,3351.45,61918.29,0,Normal
EMP00070,Management,28,100.0,107070.86,52469.53,18940.75,19.7,0.0,20450.79,4136.38,173668.62,0,Normal
EMP00707,Sales,7,,35991.75,13685.77,4642.83,9.3,0.0,7550.71,1978.13,47929.54,0,Normal
EMP00132,Finance,21,73.6,57244.84,23428.0,8364.7,4.4,0.0,14161.33,4040.09,73197.47,0,Normal
EMP00045,Operations,26,59.8,35932.89,12174.28,8668.68,1.2,0.0,5966.97,2127.71,49085.41,0,Normal
EMP00685,Finance,19,84.2,49044.97,17660.31,8488.64,18.3,6123.55,6175.02,3424.21,80132.52,0,Normal
EMP00071,Engineering,4,57.5,35491.09,11406.38,4128.55,15.2,,4730.96,2426.14,55303.88,0,Normal
EMP00636,Engineering,9,72.6,45216.81,19540.97,5830.36,13.5,8395.66,7786.17,2466.01,74454.37,0,Normal
EMP00814,HR,4,61.4,428461.93,171384.77,64269.29,28.1,64269.29,85692.39,21423.1,734142.73,1,salary_spike
EMP00815,Sales,22,60.5,41470.17,16588.07,6220.53,341.5,4147.02,8294.03,2073.51,190827.59,1,impossible_overtime
EMP00486,Finance,19,75.9,46604.93,16554.74,7632.37,5.2,8355.31,13848.8,2315.1,65255.44,0,Normal
EMP00406,Engineering,18,42.4,58680.9,19879.64,9083.81,1.3,0.0,11587.63,1522.32,75249.57,0,Normal
EMP00240,Sales,14,81.8,26641.6,11856.25,5733.82,3.7,,4738.8,712.77,39704.23,0,Normal
EMP00136,Engineering,22,84.7,41994.8,19231.37,7490.39,8.0,0.0,12497.41,1810.62,57558.14,0,Normal
EMP00165,HR,8,72.8,36148.02,11982.72,8759.71,3.3,1913.7,5086.28,1866.36,52969.84,0,Normal
EMP00029,Engineering,3,43.1,46726.02,15596.97,8376.68,1.3,5987.08,9525.67,2430.64,65299.91,0,Normal
EMP00458,Sales,11,93.4,39446.23,17487.87,8785.04,13.6,2099.26,10572.68,2976.69,59298.42,0,Normal
EMP00194,Engineering,27,59.1,55810.48,21948.74,12153.19,1.7,0.0,10550.27,2905.43,77346.19,0,Normal
EMP00368,Operations,22,42.5,26716.99,9043.41,3074.32,11.5,0.0,5653.57,906.83,35154.75,0,Normal
EMP00468,Sales,5,41.1,23482.71,11695.2,5293.08,30.1,3972.81,3379.81,705.16,46985.36,0,Normal
EMP00353,Engineering,14,88.2,62505.74,28970.6,13831.25,2.2,8465.95,9644.15,4650.96,100767.61,0,Normal
EMP00141,Operations,16,73.8,30777.7,10716.71,3531.43,38.3,0.0,3902.22,772.94,51401.8,0,Normal
EMP00174,Engineering,27,44.0,41037.52,19137.61,6574.08,4.3,0.0,11936.38,2547.65,53919.51,0,Normal
EMP00007,Engineering,14,71.2,63931.31,24706.9,9533.63,3.4,6908.78,10173.38,3837.95,93107.1,0,Normal
EMP00560,Sales,26,85.7,49185.93,21070.15,10521.33,21.4,0.0,6521.1,1418.83,82705.41,0,Normal
EMP00345,Operations,9,62.0,44369.29,19174.79,10687.76,2.0,3303.16,11167.96,1649.23,65549.73,0,Normal
EMP00074,Sales,14,71.2,41399.17,15978.85,8745.76,18.5,0.0,11506.57,1917.33,59880.05,0,Normal
EMP00596,Engineering,5,98.6,54701.17,19350.06,10747.34,1.8,4182.51,9561.05,1557.39,78785.72,0,Normal
EMP00300,Operations,6,41.7,27729.65,9750.87,3938.45,13.3,0.0,5928.32,1641.78,37306.41,0,Normal
EMP00421,Finance,9,61.8,52941.82,25945.59,10485.44,9.5,0.0,5630.97,2497.48,85959.53,0,Normal
EMP00146,Operations,9,,35488.78,14989.29,4149.79,10.4,0.0,4451.14,2513.08,51123.8,0,Normal
EMP00235,Engineering,1,80.0,75748.57,34645.43,16778.17,0.8,7053.13,14664.93,1929.69,118198.79,0,Normal
EMP00221,Engineering,14,62.0,56573.82,19804.55,11074.5,0.5,,14805.97,1334.07,71578.02,0,Normal
EMP00652,HR,5,84.4,45287.42,16095.06,5104.55,19.1,,7082.51,1408.94,68526.47,0,Normal
EMP00360,Management,1,69.8,74436.78,36240.37,10002.3,3.1,13351.5,19037.66,4172.22,112984.39,0,Normal
EMP00133,Operations,14,85.6,31601.27,12199.36,7098.44,19.2,0.0,9315.46,669.71,46602.13,0,Normal
EMP00423,Engineering,3,82.0,48178.28,17126.96,7810.18,4.7,7963.32,12583.59,1973.09,68644.92,0,Normal
EMP00767,Sales,20,90.6,54499.42,20499.64,5938.65,3.7,0.0,6036.37,2393.05,74398.74,0,Normal
EMP00478,Finance,19,80.4,51363.43,20545.45,5866.54,2.5,0.0,9301.28,1491.81,68186.16,0,Normal
EMP00042,Operations,13,72.4,48458.58,16474.44,8753.3,5.1,4583.64,6878.0,3082.09,70626.8,0,Normal
EMP00531,Sales,4,70.5,46033.25,13900.2,10137.27,14.9,0.0,5467.17,2569.12,68464.7,0,Normal
EMP00109,Operations,7,85.6,26329.1,10412.43,6201.19,16.3,2690.42,4649.0,1331.75,43675.81,0,Normal
EMP00785,HR,18,74.1,41446.26,12966.89,8102.78,2.3,0.0,10916.08,2067.34,50426.2,0,Normal
EMP00057,Sales,7,83.8,47102.1,19103.63,5813.14,11.6,5243.9,13994.49,1526.5,66864.13,0,Normal
EMP00631,Operations,23,42.9,30556.71,11662.23,6406.05,12.9,0.0,5809.74,1601.75,44908.95,0,Normal
EMP00437,Sales,20,60.0,38282.56,11920.69,4617.6,0.8,0.0,4598.98,2773.59,47735.4,0,Normal
EMP00713,Operations,7,74.5,34615.48,15410.28,3686.7,10.4,0.0,7260.75,1986.62,47840.1,0,Normal
EMP00025,HR,12,95.9,31265.05,10939.97,3441.53,2.5,0.0,5067.08,1467.91,39844.33,0,Normal
EMP00450,Operations,11,81.5,28569.94,13349.83,4158.67,0.6,4352.69,7590.96,1568.92,41431.96,0,Normal
EMP00397,Operations,20,98.2,29461.74,12998.38,4806.23,2.5,0.0,5693.91,1464.92,40798.03,0,Normal
EMP00779,Operations,23,78.7,46577.17,16389.32,11024.46,4.3,0.0,13782.01,2916.62,59169.96,0,Normal
EMP00052,Engineering,18,50.1,53809.59,21044.39,13127.41,14.9,0.0,14692.84,3594.68,77210.4,0,Normal
EMP00376,HR,23,86.1,42358.22,20007.2,8928.2,3.2,7013.67,8866.22,1126.54,69585.28,0,Normal
EMP00790,Engineering,17,46.8,48882.55,19576.89,9712.78,11.5,0.0,10782.86,2536.1,70123.41,0,Normal
EMP00553,Engineering,24,87.5,66133.08,23024.88,13460.65,21.5,9269.76,13303.04,2961.31,108953.97,0,Normal
EMP00265,HR,8,95.2,41454.38,15786.79,8423.48,1.6,0.0,5774.36,926.35,59585.76,0,Normal
EMP00591,Operations,12,51.7,24945.86,10169.13,6229.47,0.6,0.0,6489.48,1236.65,33758.65,0,Normal
EMP00595,Operations,24,54.6,34564.23,11749.29,6929.68,3.2,0.0,6922.78,912.43,46444.92,0,Normal
EMP00740,Management,10,86.1,104656.48,43091.53,12421.75,1.3,7161.07,30003.69,2392.29,136210.35,0,Normal
EMP00324,Engineering,17,80.2,30090.58,10866.7,6194.87,4.2,0.0,8730.05,1621.21,37985.71,0,Normal
EMP00019,Finance,25,63.2,49962.37,20588.61,6830.8,1.3,4410.05,5104.04,2979.58,74317.13,0,Normal
EMP00622,Operations,26,81.2,32747.88,10190.8,4541.19,6.9,3433.25,7976.36,1678.05,43377.09,0,Normal
EMP00449,Operations,11,48.9,31575.59,12419.07,4369.77,17.4,3195.71,5572.09,846.01,50292.81,0,Normal
EMP00084,Finance,14,42.6,32600.82,12912.15,7925.69,30.3,0.0,7703.19,1623.96,53372.18,0,Normal
EMP00062,Sales,25,42.9,29658.45,12326.6,5348.9,2.3,0.0,3961.06,908.92,43103.48,0,Normal
EMP00273,Operations,14,42.0,28829.39,12274.63,4149.98,8.5,0.0,5222.22,751.0,41578.12,0,Normal
EMP00286,Operations,17,47.2,30825.16,14822.38,5256.24,30.3,5778.72,5902.74,847.22,58688.81,0,Normal
EMP00352,Operations,6,64.9,25561.03,9531.22,4175.11,4.5,4756.34,4437.08,1024.45,39640.53,0,Normal
EMP00429,Operations,15,89.9,33366.91,10234.25,7979.55,3.3,0.0,8922.33,2298.77,41391.9,0,Normal
EMP00719,Operations,13,88.8,37150.72,13032.38,4548.21,1.9,0.0,9904.86,2215.0,43273.2,0,Normal
EMP00183,Finance,8,97.1,58624.99,22042.31,8149.69,13.6,0.0,9081.77,2805.78,84404.13,0,Normal
EMP00356,Operations,8,92.5,34750.22,12463.71,4827.54,2.6,2153.35,3915.8,960.78,50165.28,0,Normal
EMP00536,Finance,10,,37565.97,18271.93,,15.8,7399.88,7316.25,1227.18,68860.83,0,Normal
EMP00224,Finance,9,88.1,46949.33,21656.79,6471.54,1.3,0.0,13838.44,3448.48,58362.93,0,Normal
EMP00821,Management,6,41.7,28443.21,11377.28,4266.48,13.3,14221.6,1422.16,568.86,59864.06,1,duplicate_manipulation
EMP00651,Sales,18,43.4,54804.65,26226.75,6634.13,9.7,10503.75,5868.25,3117.15,94167.68,0,Normal
EMP00362,Operations,26,51.2,34686.39,10483.04,7001.08,29.1,2276.35,9179.66,2126.34,52603.74,0,Normal
EMP00413,Sales,6,91.0,39389.62,15693.88,7748.58,5.8,6471.97,5052.7,1992.79,64400.37,0,Normal
EMP00746,Sales,17,78.3,27309.81,9658.07,3786.1,5.5,3038.41,6659.89,1651.16,36889.5,0,Normal
EMP00530,Sales,28,51.4,32159.04,13138.4,5097.77,9.0,0.0,3496.33,2287.63,47324.67,0,Normal
EMP00177,Management,22,87.6,62710.33,19317.8,,21.3,5569.57,13782.27,2634.93,97725.82,0,Normal
EMP00582,Operations,11,73.1,24644.61,8866.73,4695.42,0.7,0.0,6971.27,1062.02,30335.2,0,Normal
EMP00813,Finance,13,58.2,38816.58,15526.63,5822.49,21.5,3881.66,7763.32,1940.83,-31083.59,1,net_salary_inconsistency
EMP00164,Sales,26,78.1,28118.57,12929.73,6371.87,1.5,4654.41,5807.72,1268.75,45393.53,0,Normal
EMP00249,Engineering,2,97.9,71013.0,29684.98,13749.85,0.8,0.0,13636.99,3106.61,98236.83,0,Normal
EMP00714,Operations,15,52.9,27957.08,8844.61,6161.34,4.2,0.0,5038.24,1233.23,37792.37,0,Normal
EMP00761,Operations,6,47.0,30566.28,14748.08,3887.55,1.1,0.0,8538.89,1003.34,39974.89,0,Normal
EMP00075,Finance,13,67.0,53909.84,22751.92,7569.2,1.1,0.0,7533.93,1718.75,75534.23,0,Normal
EMP00114,Engineering,8,52.4,49197.85,23363.47,,15.1,0.0,8192.25,3534.28,77160.14,0,Normal
EMP00579,Finance,22,54.7,36574.32,15993.31,6095.39,2.1,0.0,6090.62,1530.98,51761.48,0,Normal
EMP00672,HR,6,47.2,49989.75,16033.52,7425.61,5.2,0.0,7833.08,1335.81,66716.99,0,Normal
EMP00105,Sales,27,87.7,48372.19,19403.0,6347.77,10.9,4334.1,11831.92,3672.28,67895.89,0,Normal
EMP00115,Sales,7,80.2,52707.08,15823.63,5521.8,0.1,5234.15,7733.08,2855.37,68747.62,0,Normal
EMP00363,Management,1,76.3,84688.1,38453.13,19766.9,4.1,0.0,17794.9,5539.68,122828.75,0,Normal
EMP00093,Operations,22,87.4,36791.01,15336.98,9066.46,10.4,0.0,5276.68,1933.86,57571.03,0,Normal
EMP00723,Finance,15,74.9,41001.98,13247.03,4661.93,7.2,4057.62,4366.95,1161.68,60207.56,0,Normal
EMP00090,Finance,9,86.7,37146.32,13015.52,5673.26,6.0,0.0,4560.87,2382.31,50981.4,0,Normal
EMP00337,Engineering,7,45.3,29789.64,13007.33,6131.97,0.6,1794.61,6210.84,1244.96,43435.32,0,Normal
EMP00483,Finance,26,77.0,44155.51,17130.25,7896.14,0.8,0.0,6339.79,2983.53,60189.75,0,Normal
EMP00791,Finance,26,57.9,51648.23,20568.75,8049.93,4.9,,14524.57,1715.0,66399.93,0,Normal
EMP00802,Sales,10,94.3,43787.43,17514.97,6568.11,17.3,4378.74,8757.49,2189.37,6840.42,1,net_salary_inconsistency
EMP00527,Operations,16,52.2,30887.41,9373.8,3947.86,48.2,0.0,3842.53,2014.73,52309.06,0,Normal
EMP00532,Engineering,28,82.5,60049.16,23657.49,10735.22,1.5,0.0,7489.77,3288.47,84508.07,0,Normal
EMP00095,Management,11,96.9,78504.42,24527.16,16736.43,0.6,0.0,15576.88,3143.31,101489.41,0,Normal
EMP00012,Finance,22,90.7,57987.75,26587.82,6602.23,13.1,0.0,10318.89,1859.2,86121.33,0,Normal
EMP00399,Sales,25,57.0,34492.16,10657.52,5952.28,2.2,4623.27,6665.6,2170.74,47600.29,0,Normal
EMP00044,Sales,23,54.6,51980.97,17336.31,10115.27,21.1,0.0,9991.43,2501.62,77221.99,0,Normal
EMP00043,Management,18,67.5,91007.38,34578.76,18633.13,9.0,13425.1,18938.7,2975.49,143408.93,0,Normal
EMP00330,Operations,20,75.6,41633.13,19482.51,4809.75,1.9,0.0,6590.57,884.15,59192.26,0,Normal
EMP00168,Operations,4,75.9,25014.08,11092.55,5222.29,3.4,0.0,3743.37,937.16,37445.71,0,Normal
EMP00754,Management,20,66.3,106559.7,43328.94,11925.83,19.5,0.0,25776.89,6516.01,149002.02,0,Normal
EMP00753,Sales,24,80.4,53964.28,17927.13,12661.05,10.6,6188.34,8522.44,3722.25,83858.81,0,Normal
EMP00657,Engineering,25,88.4,31944.87,11839.61,7522.3,31.6,0.0,6206.12,1239.14,53325.19,0,Normal
EMP00463,Engineering,4,62.2,72336.53,24274.27,14638.56,9.0,8796.46,15194.78,4010.24,106944.19,0,Normal
EMP00179,Finance,1,90.9,57422.34,25421.18,7715.68,10.8,0.0,11227.79,3856.86,81288.56,0,Normal
EMP00645,Operations,12,48.9,24679.58,11217.13,4037.11,0.2,1271.64,4952.31,1401.23,34898.19,0,Normal
EMP00711,Finance,25,63.1,55709.19,17096.44,11881.04,22.7,5898.85,13303.22,3187.84,85950.07,0,Normal
EMP00178,HR,2,41.8,40767.23,12792.27,8533.43,0.5,5210.48,8217.41,1035.82,58241.28,0,Normal
EMP00590,Engineering,8,99.4,66905.52,29129.13,12738.47,31.0,6494.68,18355.64,1599.2,114757.38,0,Normal
EMP00688,Management,4,57.2,90407.57,44865.47,12167.07,8.3,5462.43,18206.86,2886.65,138843.87,0,Normal
EMP00597,Finance,29,41.5,57414.27,22276.31,13515.75,2.6,0.0,8310.88,4161.44,82133.48,0,Normal
EMP00258,HR,29,96.5,37104.69,14392.85,5807.4,6.1,0.0,9890.5,2114.33,47422.03,0,Normal
EMP00405,Sales,6,60.9,46553.94,21318.86,11373.54,10.5,0.0,12389.55,3182.42,68257.02,0,Normal
EMP00336,HR,14,74.2,31104.74,15222.88,5748.46,1.5,0.0,3831.48,1753.38,46928.63,0,Normal
EMP00535,HR,21,40.9,37315.8,14215.03,5952.95,2.7,0.0,9753.76,2385.02,46289.56,0,Normal
EMP00016,Operations,11,73.9,38469.22,15174.74,6747.82,5.7,0.0,5843.38,1985.65,54618.45,0,Normal
EMP00004,Management,13,69.4,106643.5,41150.37,25313.84,3.6,0.0,31823.77,2795.63,142087.53,0,Normal
EMP00759,Sales,24,54.9,42275.2,20519.3,9293.65,11.7,5839.74,6823.57,1284.95,74456.43,0,Normal
EMP00257,HR,8,96.1,34933.52,16093.02,4763.41,8.0,3096.17,6174.06,2563.31,52768.76,0,Normal
EMP00742,Engineering,24,48.6,62289.8,25624.27,10861.03,0.4,6256.01,8130.33,4962.35,92172.02,0,Normal
EMP00440,Engineering,29,44.7,70936.06,34579.9,10806.22,8.4,0.0,19849.29,2195.32,99863.78,0,Normal
EMP00383,Sales,6,71.2,42494.06,15050.73,9281.78,1.6,5404.87,10486.58,1513.35,60868.92,0,Normal
EMP00223,Engineering,4,71.8,65658.11,23627.37,6637.44,14.7,11533.36,8030.71,5087.92,103386.16,0,Normal
EMP00469,Sales,13,96.4,58684.19,22556.29,13759.84,2.0,0.0,15561.83,4288.06,76250.76,0,Normal
EMP00586,Operations,28,50.8,42321.78,13073.15,4366.54,1.6,0.0,6404.75,2042.5,51949.05,0,Normal
EMP00389,Engineering,20,72.3,55078.83,25886.88,12685.83,1.7,0.0,14546.09,3232.21,76751.06,0,Normal
EMP00325,Sales,22,43.5,32669.99,11358.61,7774.68,10.8,0.0,5691.17,1370.15,48049.8,0,Normal
EMP00514,Operations,18,45.4,41030.19,19292.74,10023.15,0.2,2950.13,10943.09,2004.72,60425.33,0,Normal
EMP00010,Sales,19,99.0,33491.15,10413.56,6550.63,1.8,0.0,7217.16,928.6,42874.74,0,Normal
EMP00250,Operations,19,79.6,36145.66,11182.79,4333.36,3.2,0.0,6644.14,1762.51,44339.53,0,Normal
EMP00023,Finance,23,95.1,47922.18,22757.66,8498.26,17.0,2702.43,5835.23,3314.53,80368.37,0,Normal
EMP00357,Management,24,41.9,51356.16,23576.41,7363.96,0.8,4164.5,6853.84,1385.96,78606.4,0,Normal
EMP00222,Operations,22,96.0,32981.68,14897.23,5182.26,4.2,0.0,8799.24,1515.63,44044.95,0,Normal
EMP00583,Sales,26,60.2,28461.11,8579.28,5636.56,3.2,0.0,3407.79,2263.35,37859.64,0,Normal
EMP00741,HR,1,45.2,43294.9,15067.46,9506.58,3.9,0.0,4799.41,2294.21,62358.29,0,Normal
EMP00845,Finance,29,83.5,59852.95,23941.18,8977.94,13.9,5985.3,-3623.92,-894.67,111075.55,1,negative_deduction
EMP00546,Sales,20,99.7,29565.16,13824.06,5539.66,5.9,2826.6,5035.54,1358.63,46996.63,0,Normal
EMP00341,Engineering,9,93.5,46895.24,23124.48,7666.08,12.7,0.0,7754.54,2402.63,73112.09,0,Normal
EMP00765,Engineering,8,62.4,71762.37,25873.41,9071.69,0.5,0.0,18033.6,3972.12,85038.14,0,Normal
EMP00204,Operations,8,47.1,33496.56,14492.8,4491.46,4.3,3206.1,9249.8,1603.97,46183.48,0,Normal
EMP00238,Management,14,72.4,86707.5,29298.38,14882.65,2.4,9771.78,14337.94,4530.56,123742.73,0,Normal
EMP00094,Operations,22,58.6,34728.46,14638.28,7156.87,8.7,3476.73,5927.34,2468.31,54437.23,0,Normal
EMP00451,Sales,26,70.0,41282.32,19589.44,7838.47,15.2,0.0,4795.08,1614.59,68183.29,0,Normal
EMP00571,Engineering,16,50.5,65956.8,31817.24,12673.56,3.3,5350.89,12578.72,1716.71,103543.6,0,Normal
EMP00543,Operations,26,79.0,28271.0,8727.77,5396.37,4.2,0.0,2908.51,1158.03,39441.77,0,Normal
EMP00285,Operations,10,78.4,31377.72,10512.58,6189.27,4.6,0.0,7912.47,1696.98,39823.28,0,Normal
EMP00185,HR,29,81.2,37909.32,16785.09,6098.07,2.8,0.0,6312.12,2582.05,52893.43,0,Normal
EMP00697,Engineering,12,69.8,55744.7,17912.03,9118.79,2.6,0.0,5728.19,1372.45,77033.66,0,Normal
EMP00446,Management,6,85.2,85280.18,30750.24,18209.65,25.2,15418.9,10817.51,2755.85,156233.05,0,Normal
EMP00154,Finance,16,98.3,50988.67,23152.28,9692.54,32.4,0.0,9413.97,3586.61,86320.72,0,Normal
EMP00076,Finance,21,96.8,47475.1,22872.09,8752.14,2.2,0.0,11934.29,2069.51,66074.7,0,Normal
EMP00793,Engineering,24,74.6,29129.31,10411.15,4024.05,1.4,0.0,3309.38,2272.98,38364.47,0,Normal
EMP00534,Finance,8,84.6,31185.13,12334.04,4085.57,3.1,5537.35,4932.12,2225.38,46890.91,0,Normal
EMP00278,Sales,8,57.1,54745.83,22813.47,10134.01,24.2,0.0,10139.79,3724.96,86249.02,0,Normal
EMP00069,Sales,15,61.8,47042.68,14909.24,6900.49,4.0,0.0,7861.28,1025.59,61729.64,0,Normal
EMP00548,Sales,9,49.4,46120.42,18570.74,9318.21,15.3,0.0,10778.53,3026.76,66819.48,0,Normal
EMP00189,Operations,21,84.5,33939.54,11743.28,7507.88,22.0,0.0,9725.25,833.07,49632.41,0,Normal
EMP00272,Operations,9,85.1,28797.06,12742.05,5158.76,4.9,0.0,5286.78,2076.96,40656.99,0,Normal
EMP00722,HR,19,77.5,37591.9,15960.02,5735.07,0.2,0.0,6707.48,2413.54,50236.45,0,Normal
EMP00539,Management,19,97.9,89080.92,41886.32,,7.4,0.0,15357.0,4745.67,137887.07,0,Normal
EMP00237,Operations,23,66.2,33514.56,11690.42,8255.4,1.2,3277.15,8389.47,1376.56,47348.54,0,Normal
EMP00089,Engineering,21,79.9,43614.59,14510.15,6770.0,3.4,3445.13,8839.86,2035.82,58854.41,0,Normal
EMP00732,Engineering,13,44.2,74231.33,36883.41,7981.28,0.2,0.0,14075.29,2235.4,102924.51,0,Normal
EMP00118,Management,1,72.0,54280.2,17306.62,6072.6,13.9,6859.9,9879.23,3062.68,78650.8,0,Normal
EMP00126,HR,27,40.6,47154.06,17754.39,5088.17,37.9,2702.57,11786.32,1772.28,75895.02,0,Normal
EMP00708,Operations,7,66.1,38333.66,15862.19,7826.92,3.8,0.0,5947.36,2703.69,54737.36,0,Normal
EMP00290,Sales,7,88.1,29340.92,11766.37,4066.47,9.5,0.0,6505.42,1724.47,39557.05,0,Normal
EMP00239,Management,11,46.5,71733.93,33949.39,15509.31,4.8,11256.6,15585.67,4658.57,115433.02,0,Normal
EMP00001,Sales,9,55.3,36160.61,15539.85,8607.63,1.8,3111.55,7896.98,1232.49,54900.38,0,Normal
EMP00852,Sales,19,48.2,51510.0,20604.0,7726.5,13.4,352349.48,10302.0,2575.5,425783.42,1,bonus_abuse
EMP00434,Engineering,22,40.9,36738.0,13549.54,8608.03,8.7,2701.48,9602.67,1251.92,53738.9,0,Normal
EMP00751,Finance,7,92.9,32779.8,10316.32,7468.39,3.1,0.0,4338.64,1626.24,45552.29,0,Normal
EMP00396,Operations,27,75.3,29526.33,10283.92,5440.25,10.5,4135.75,6347.3,1567.82,44377.63,0,Normal
EMP00515,Engineering,15,65.5,54391.28,24495.79,7676.15,2.3,0.0,6045.27,3522.29,78168.47,0,Normal
EMP00127,Engineering,6,41.9,46825.07,17323.36,9971.84,17.7,0.0,8692.41,1026.72,72171.18,0,Normal
EMP00279,Finance,6,52.5,70823.4,22405.68,8893.22,2.1,6438.08,20849.36,2684.03,86421.33,0,Normal
EMP00669,Finance,4,67.7,60580.92,19462.16,10765.27,3.3,,11398.63,3948.8,87859.75,0,Normal
EMP00117,Sales,9,48.5,25693.55,8811.08,6236.07,1.1,0.0,7146.42,1300.14,32559.1,0,Normal
EMP00229,Engineering,5,86.8,27567.97,11380.19,5882.04,19.4,2862.41,3583.96,1669.14,47453.43,0,Normal
EMP00604,Operations,16,55.5,36025.12,16079.17,7508.9,4.4,0.0,8276.16,1458.78,51364.29,0,Normal
EMP00663,Finance,10,83.0,43351.29,20821.43,9439.35,1.7,0.0,7241.82,2531.05,64530.11,0,Normal
EMP00487,Finance,6,40.8,33737.08,13005.51,7444.21,4.1,0.0,6752.93,2331.86,46398.78,0,Normal
EMP00275,Sales,10,,50167.56,20364.07,9381.52,23.9,3502.57,5052.54,1075.83,88528.02,0,Normal
EMP00319,Management,13,66.6,80167.78,36931.82,18486.17,2.6,0.0,10735.63,4659.49,122144.74,0,Normal
EMP00588,Management,11,75.9,75058.83,33510.15,10490.08,11.2,0.0,16740.76,5809.53,104389.95,0,Normal
EMP00145,Engineering,6,55.1,51869.29,22289.29,10380.83,7.5,0.0,7122.76,3689.03,77374.68,0,Normal
EMP00853,Engineering,26,63.1,50946.11,20378.44,7641.92,19.1,278177.43,10189.22,2547.31,353529.91,1,bonus_abuse
EMP00542,Engineering,12,60.1,50058.06,20336.63,6609.0,5.9,0.0,12815.28,3001.55,63955.7,0,Normal
EMP00819,Finance,15,90.6,41325.13,16530.05,6198.77,5.2,4132.51,-2372.17,-265.57,72838.8,1,negative_deduction
EMP00623,Sales,2,67.4,28107.65,11757.32,4118.72,0.2,4228.16,3615.92,1422.81,43225.82,0,Normal
EMP00370,Management,17,90.6,74331.7,34698.7,11088.07,47.6,0.0,16385.65,4401.16,132502.18,0,Normal
EMP00269,Finance,5,61.1,77683.11,29443.46,17121.48,3.4,0.0,8241.07,4891.08,113592.05,0,Normal
EMP00605,Engineering,3,69.1,58793.16,23168.5,10580.07,10.8,6338.9,13762.7,4172.44,86898.3,0,Normal
EMP00308,Operations,29,79.8,25701.67,8855.59,5719.14,5.7,4883.19,3725.8,1153.31,41653.91,0,Normal
EMP00424,HR,16,90.2,32763.12,13311.9,7292.7,3.1,0.0,5085.64,795.7,48438.56,0,Normal
EMP00311,Sales,23,98.7,60292.26,26438.37,12037.58,2.1,9004.95,7267.65,1648.73,100043.78,0,Normal
EMP00507,Finance,2,72.6,44735.5,14700.06,8025.77,7.3,0.0,5124.47,2018.48,63379.97,0,Normal
EMP00047,HR,23,40.6,38487.21,18949.46,7064.77,0.6,0.0,4572.08,2174.52,57971.33,0,Normal
EMP00350,HR,11,83.9,53226.87,17793.97,10171.46,10.0,0.0,10621.92,3791.33,71769.07,0,Normal
EMP00372,Engineering,12,79.5,39175.78,16346.98,6657.47,6.3,0.0,4174.86,1449.18,58870.01,0,Normal
EMP00559,Sales,13,60.6,39047.68,17671.64,9291.37,19.1,0.0,6982.75,2056.96,63962.96,0,Normal
EMP00262,Engineering,8,89.9,49121.83,22576.55,10643.45,0.2,0.0,8616.16,2083.08,71734.69,0,Normal
EMP00196,HR,17,69.5,37804.58,17041.83,5972.16,25.6,0.0,8382.23,877.28,60632.16,0,Normal
EMP00860,Operations,28,57.8,23679.08,9471.63,3551.86,295.5,2367.91,4735.82,1183.95,98749.16,1,impossible_overtime
EMP00721,Engineering,10,96.0,58195.86,20210.95,8749.05,8.3,0.0,11394.36,1677.09,78612.78,0,Normal
EMP00108,Engineering,17,43.1,37234.67,15275.07,6507.13,3.9,4161.59,5612.78,2865.4,56061.67,0,Normal
EMP00060,Operations,18,95.1,31288.66,11631.86,4709.94,28.7,1607.7,6480.0,1799.93,49376.83,0,Normal
EMP00639,Sales,26,58.7,30173.56,9368.05,5121.99,29.1,2978.71,8593.3,2052.04,45228.69,0,Normal
EMP00495,Operations,12,65.0,31469.96,11077.57,6417.52,4.4,0.0,7195.92,1911.21,41156.06,0,Normal
EMP00101,Operations,4,40.8,33918.32,13000.28,6125.56,4.3,0.0,5579.94,1623.96,47207.59,0,Normal
EMP00444,Finance,14,78.3,45604.79,17187.7,,15.1,0.0,8051.72,1499.98,67516.68,0,Normal
EMP00589,Engineering,15,58.9,55620.04,21810.83,6108.17,14.7,6057.83,8090.75,3077.01,86094.25,0,Normal
EMP00773,Operations,1,69.9,47579.03,20247.85,9063.15,4.4,8108.17,11456.73,2253.43,73250.67,0,Normal
EMP00621,Sales,18,67.7,45281.2,21680.69,9643.31,8.2,0.0,13306.28,2941.26,63838.65,0,Normal
EMP00580,Operations,17,96.0,28542.5,10575.35,4428.84,3.0,0.0,6033.5,780.29,37535.66,0,Normal
EMP00180,Sales,25,63.0,39654.21,12089.93,9655.61,3.8,0.0,4456.18,1563.65,56792.6,0,Normal
EMP00305,Management,11,83.1,76479.15,25199.64,14599.71,25.1,0.0,9365.56,6083.68,118825.76,0,Normal
EMP00552,Finance,24,84.0,58968.32,21085.19,11519.23,4.2,0.0,10234.73,2323.21,81336.68,0,Normal
EMP00058,Sales,7,50.8,35350.28,14338.27,,7.3,0.0,4876.95,1430.94,49625.34,0,Normal
EMP00830,Finance,22,67.0,40506.92,16202.77,6076.04,7.4,4050.69,8101.38,2025.35,208319.51,1,net_salary_inconsistency
EMP00150,Operations,28,57.1,35630.13,15201.62,5491.23,6.2,0.0,5737.93,1541.89,51114.16,0,Normal
EMP00125,Operations,18,68.6,36411.81,13037.3,7068.64,7.9,0.0,6399.07,1052.42,51763.01,0,Normal
EMP00681,Operations,22,64.7,30124.17,14977.16,5237.89,4.2,4804.29,8945.69,1252.51,46131.45,0,Normal
EMP00827,Operations,24,65.2,51968.07,20787.23,7795.21,16.1,5196.81,10393.61,2598.4,-40299.62,1,net_salary_inconsistency
EMP00186,Finance,9,89.0,56460.91,27436.46,10923.34,7.2,8732.18,9633.73,1844.54,95885.73,0,Normal
EMP00577,Operations,13,45.5,56186.11,26638.91,9853.47,14.0,0.0,7648.08,1511.25,90893.59,0,Normal
EMP00051,Engineering,1,73.6,45738.51,19627.74,10322.92,3.1,0.0,7942.31,2374.7,66701.44,0,Normal
EMP00342,Finance,15,50.0,64316.36,25238.98,6835.36,3.3,0.0,16158.19,3838.94,78383.36,0,Normal
EMP00447,Operations,2,46.3,28926.06,11558.91,4105.82,15.5,0.0,7734.76,2194.84,38864.51,0,Normal
EMP00850,HR,12,89.6,32380.56,12952.22,4857.08,16.1,3238.06,-4032.81,-216.82,62564.99,1,negative_deduction
EMP00520,Finance,21,77.7,48748.08,20781.29,5210.39,2.5,0.0,12451.82,3871.86,59558.61,0,Normal
EMP00322,Engineering,5,68.0,54240.46,20242.54,12098.82,14.0,0.0,10799.68,2737.66,80163.54,0,Normal
EMP00354,Sales,15,69.7,42559.94,13601.89,6682.5,11.4,7747.44,12310.04,1042.29,61788.03,0,Normal
EMP00797,Engineering,2,42.0,52511.55,24433.63,11742.36,2.8,5839.66,13816.83,2062.28,80026.52,0,Normal
EMP00143,Operations,29,50.8,22880.85,7760.6,5535.9,3.8,0.0,6316.68,1802.78,28873.02,0,Normal
EMP00471,HR,24,59.3,42435.89,13754.06,9253.5,4.1,0.0,9524.3,1771.89,55778.39,0,Normal
EMP00371,HR,28,95.9,36804.78,14572.24,4898.17,5.9,4553.74,3916.85,2370.61,56577.23,0,Normal
EMP00799,Engineering,7,47.0,65159.58,24677.37,10349.49,13.7,0.0,11887.64,4591.37,92076.36,0,Normal
EMP00142,Sales,4,62.6,39494.8,14338.6,6787.73,2.0,,10549.14,2914.16,47898.36,0,Normal
EMP00400,Operations,27,54.5,46384.49,19079.71,9489.57,14.6,0.0,10615.6,2425.56,68261.49,0,Normal
EMP00494,Operations,3,50.1,47946.29,22521.96,5459.06,5.1,9139.33,8779.78,2532.89,76046.4,0,Normal
EMP00264,Engineering,23,91.0,58101.65,19288.55,8630.53,6.8,0.0,12625.53,1283.62,75815.56,0,Normal
EMP00321,Engineering,10,48.9,54450.27,22692.27,11360.73,9.9,0.0,14133.54,1821.04,77602.36,0,Normal
EMP00020,Management,20,78.9,43708.55,13756.49,6585.94,7.2,2389.86,5724.35,1831.18,61835.64,0,Normal
EMP00173,Engineering,21,77.0,63460.42,28294.73,12821.31,17.2,0.0,14441.52,4700.01,95667.92,0,Normal
EMP00855,Sales,15,99.7,246241.36,98496.54,36936.2,19.0,36936.2,49248.27,12312.07,400911.7,1,salary_spike
EMP00313,Sales,23,60.5,41910.04,20055.68,7088.27,15.3,8209.49,9848.95,1495.44,71930.56,0,Normal
EMP00391,Sales,5,73.2,26793.28,8262.38,3427.06,10.9,0.0,4676.67,1919.54,34624.45,0,Normal
EMP00804,Engineering,13,44.8,59196.76,23678.7,8879.51,15.3,5919.68,-1898.54,-824.71,108888.94,1,negative_deduction
EMP00013,Finance,10,45.1,49777.06,16417.45,5431.33,5.5,0.0,10118.23,1238.51,62835.73,0,Normal
EMP00408,HR,22,75.1,35595.44,14251.65,7048.64,7.7,0.0,4112.79,1625.1,53727.39,0,Normal
EMP00409,Finance,7,88.8,53638.39,24094.01,8736.62,7.5,0.0,12868.98,1308.15,76063.34,0,Normal
EMP00306,Engineering,8,88.1,58949.88,19896.45,7714.51,5.2,5692.89,10520.02,1283.83,83323.69,0,Normal
EMP00355,Sales,21,83.3,43010.87,18750.64,9709.78,16.5,0.0,7033.11,988.61,70102.81,0,Normal
EMP00026,Engineering,10,89.9,77190.46,36872.74,8345.63,15.2,12930.58,8300.21,4484.85,133553.99,0,Normal
EMP00637,Sales,2,53.1,32138.03,11693.13,3920.34,4.8,5474.28,7475.76,1382.68,45813.55,0,Normal
EMP00170,Finance,17,62.2,61645.65,25779.58,14749.53,15.4,0.0,8114.41,1557.42,101403.02,0,Normal
EMP00768,Operations,4,78.4,48685.65,21105.5,11318.41,16.2,0.0,13535.56,3870.65,71097.48,0,Normal
EMP00039,Sales,14,41.1,37927.84,16567.79,8973.08,11.2,0.0,8577.0,2324.79,56549.34,0,Normal
EMP00176,Engineering,26,66.2,67353.6,28830.3,13999.23,0.5,7218.03,6815.07,2481.57,108420.24,0,Normal
EMP00246,HR,5,75.6,37713.58,13437.49,9109.51,5.0,0.0,8095.79,2052.95,51879.66,0,Normal
EMP00717,Engineering,2,99.4,65436.18,29696.63,11819.6,0.7,0.0,14988.96,4847.04,87545.83,0,Normal
EMP00584,Operations,19,91.5,37350.14,15056.89,4914.82,4.8,6086.44,5821.19,2022.01,57245.85,0,Normal
EMP00704,HR,27,43.0,46785.07,15386.34,11449.13,0.6,0.0,10669.61,2828.6,60385.5,0,Normal
EMP00739,Engineering,16,45.7,35849.7,14365.35,4487.43,19.0,0.0,6122.28,751.4,54214.53,0,Normal
EMP00155,Sales,7,82.4,41928.29,16269.72,9600.79,15.1,0.0,11905.66,2030.88,59797.73,0,Normal
EMP00288,Operations,5,93.4,52168.34,23201.87,7974.32,10.8,0.0,10067.16,1850.11,76709.3,0,Normal
EMP00524,Sales,20,63.9,46894.28,19311.7,8962.86,33.3,0.0,11525.6,3414.93,74868.12,0,Normal
EMP00018,Operations,8,43.8,22703.03,7295.56,3023.65,42.2,0.0,3476.46,1122.79,37404.88,0,Normal
EMP00128,Sales,25,43.3,42161.96,18097.49,4244.53,7.2,3781.5,9923.04,2723.89,58484.48,0,Normal
EMP00323,Sales,5,42.2,47047.27,20255.07,5664.68,20.9,0.0,8360.48,2772.09,71052.77,0,Normal
EMP00256,Engineering,21,99.5,76730.48,25825.55,8767.54,3.9,0.0,22236.95,1896.14,89995.94,0,Normal
EMP00693,Sales,20,69.6,35337.88,11995.04,4909.91,9.4,0.0,8603.86,1240.59,45512.53,0,Normal
EMP00828,Operations,4,44.2,228710.42,91484.17,34306.56,19.9,34306.56,45742.08,11435.52,374298.9,1,salary_spike
EMP00191,Finance,17,82.0,56594.1,24841.1,11803.02,12.7,0.0,16763.79,1773.97,81438.7,0,Normal
EMP00116,Sales,8,81.6,55087.8,22368.24,10740.35,8.2,2858.98,14682.47,3967.24,76640.53,0,Normal
EMP00537,Engineering,15,89.5,65263.53,20116.53,7127.9,4.4,0.0,12850.88,3133.26,79215.94,0,Normal
EMP00181,Sales,13,47.1,43370.97,18040.28,4501.39,23.8,0.0,8278.95,2605.16,64705.68,0,Normal
EMP00302,Engineering,3,72.8,55641.18,23340.45,5875.98,2.9,0.0,15790.37,1328.29,69251.69,0,Normal
EMP00660,Engineering,17,65.0,45373.65,13641.57,10342.33,1.0,0.0,6670.59,2242.31,60870.03,0,Normal
EMP00619,Operations,26,70.1,31918.03,11229.53,5992.31,10.3,6131.53,8887.94,1810.56,47654.98,0,Normal
EMP00630,Sales,9,81.5,50002.95,19755.73,8474.78,4.4,0.0,8162.97,2080.59,70052.52,0,Normal
EMP00598,Engineering,4,83.3,33846.21,13173.81,3963.11,4.5,4566.93,7157.87,1286.86,48533.22,0,Normal
EMP00696,Operations,15,62.3,20000.0,9084.18,2983.76,7.2,1631.21,5144.1,1092.29,28812.76,0,Normal
EMP00518,Operations,25,71.1,29030.85,12950.66,6146.43,2.6,0.0,3938.78,1407.81,43488.98,0,Normal
EMP00846,HR,23,45.2,317568.64,127027.46,47635.3,26.7,47635.3,63513.73,15878.43,539965.94,1,salary_spike
EMP00046,Finance,11,82.3,21178.27,8011.28,4645.27,4.0,,5447.11,1109.1,28072.8,0,Normal
EMP00781,Sales,21,56.8,49576.73,17887.91,7548.46,9.6,0.0,14440.03,1544.6,63490.38,0,Normal
EMP00158,Operations,5,96.8,29045.51,14224.22,3861.69,10.6,0.0,4435.77,848.4,44733.65,0,Normal
EMP00692,Sales,19,90.1,47090.96,20839.47,7864.13,28.4,0.0,8460.85,1290.59,78581.09,0,Normal
EMP00172,Engineering,2,60.3,70988.92,33286.33,11508.33,14.4,0.0,15646.41,5455.36,104265.31,0,Normal
EMP00017,Engineering,25,53.8,61557.85,25994.28,6631.46,4.3,11556.33,16208.86,3768.0,88244.61,0,Normal
EMP00512,Sales,10,81.0,47471.02,21679.83,9377.96,4.6,5612.32,7275.8,3245.62,75666.9,0,Normal
EMP00049,Operations,8,80.8,42165.11,15345.98,7068.19,4.7,7005.47,5199.33,1347.33,66895.99,0,Normal
EMP00834,Sales,3,53.0,32990.82,13196.33,4948.62,10.9,212903.9,6598.16,1649.54,259163.22,1,bonus_abuse
EMP00766,Management,24,43.1,88476.44,35230.3,19358.93,9.1,10869.51,19190.49,5882.31,136410.53,0,Normal
EMP00516,Sales,4,76.8,45177.33,19536.17,8432.61,1.0,0.0,6375.68,2218.26,64975.71,0,Normal
EMP00599,Engineering,24,54.9,35782.72,16276.93,5271.39,1.6,0.0,9943.96,1371.45,46552.37,0,Normal
EMP00481,Finance,18,89.1,40541.99,19167.33,8835.26,13.3,0.0,8753.86,1172.54,63673.26,0,Normal
EMP00284,Finance,15,69.9,33992.86,15929.15,5234.89,0.8,0.0,8147.36,703.46,46561.03,0,Normal
EMP00603,Operations,16,81.6,34671.34,11890.42,7531.6,14.8,0.0,8287.41,2396.69,48219.91,0,Normal
EMP00226,Sales,25,97.5,27367.43,12555.78,3033.84,9.1,0.0,4228.78,1231.8,39831.25,0,Normal
EMP00027,Management,20,41.3,67549.49,28009.3,12697.29,4.0,0.0,13665.11,2123.46,95000.62,0,Normal
EMP00677,Sales,11,77.2,39293.35,14093.17,8070.41,2.0,2217.5,10010.28,1407.68,52993.22,0,Normal
EMP00438,Sales,7,92.9,53891.92,21366.17,5711.95,18.0,0.0,12247.6,1241.19,76575.51,0,Normal
EMP00365,Finance,5,65.9,62702.97,22485.03,14056.26,1.5,11874.59,8129.22,3595.28,100276.11,0,Normal
EMP00230,Engineering,17,82.3,60340.22,29483.54,8944.38,5.7,3341.76,9547.97,1696.15,94090.21,0,Normal
EMP00038,Engineering,19,67.7,48928.43,21223.2,8160.28,2.0,0.0,10652.13,3540.17,65037.02,0,Normal
EMP00829,HR,10,93.1,40757.66,16303.06,6113.65,8.4,4075.77,8151.53,2037.88,6027.04,1,net_salary_inconsistency
EMP00375,Sales,19,,37443.42,16480.34,8251.83,5.1,0.0,8628.45,2905.71,52431.69,0,Normal
EMP00470,Engineering,27,98.7,61897.97,19771.07,7698.29,6.6,0.0,7701.09,3763.31,81732.87,0,Normal
EMP00831,Finance,15,62.9,444276.1,177710.44,66641.41,5.1,66641.41,88855.22,22213.81,665442.28,1,salary_spike
EMP00733,Sales,27,72.3,40714.59,15929.63,5271.79,8.5,7196.6,9005.75,1130.3,62221.0,0,Normal
EMP00632,Operations,5,85.1,42420.95,15726.45,9547.36,2.5,4949.09,7486.75,1881.75,64269.59,0,Normal
EMP00195,Management,20,80.6,80672.03,32763.1,,26.6,15326.52,23541.1,2265.08,136980.75,0,Normal
EMP00735,Operations,29,90.2,39837.11,19860.03,9917.23,0.2,3684.04,10348.44,913.68,62110.98,0,Normal
EMP00744,Sales,11,85.2,48509.21,17138.4,7261.23,11.2,0.0,10807.44,1972.51,65222.36,0,Normal
EMP00504,Engineering,15,49.6,60300.89,21506.3,13991.36,9.2,0.0,7547.47,3303.02,90149.01,0,Normal
EMP00833,Management,7,82.3,85716.79,34286.72,12857.52,14.8,,-1432.27,-863.85,155622.03,1,negative_deduction
EMP00718,Operations,22,65.1,28254.4,14105.5,5421.11,6.0,0.0,8280.3,1429.35,39660.67,0,Normal
EMP00832,Finance,24,80.7,28343.87,11337.55,4251.58,16.0,181097.74,5668.77,1417.19,222196.36,1,bonus_abuse
EMP00163,Finance,27,65.8,42612.78,13346.38,7639.78,7.0,0.0,9835.31,1899.65,54660.44,0,Normal
EMP00611,Engineering,4,46.2,55859.29,26408.18,6035.32,6.3,0.0,10811.41,1602.9,79187.67,0,Normal
EMP00153,Sales,6,91.3,49253.11,17604.09,9483.81,4.6,7779.43,10935.6,2936.87,72372.01,0,Normal
EMP00594,Sales,26,61.2,39819.85,17248.55,4691.67,6.2,6720.56,8916.86,2215.29,59663.01,0,Normal
EMP00629,Engineering,22,67.0,39788.32,14108.29,,12.6,6449.3,9070.29,2106.03,58602.06,0,Normal
EMP00656,Operations,6,99.9,25448.14,7641.81,4456.6,25.4,3849.87,5988.33,889.52,40578.41,0,Normal
EMP00112,Finance,20,,54295.47,26850.94,6783.06,3.1,10630.95,12861.02,3637.4,83639.96,0,Normal
EMP00227,Management,15,62.2,95755.94,34010.21,11121.7,2.1,7847.87,18309.26,2182.67,130128.99,0,Normal
EMP00600,Sales,24,88.7,36013.25,13450.18,4091.72,26.6,0.0,7879.57,1556.95,53099.43,0,Normal
EMP00104,Management,23,53.9,88732.58,37606.9,13606.48,6.1,0.0,21888.66,4041.65,119090.04,0,Normal
EMP00422,HR,17,50.0,32785.37,14093.78,3442.44,12.4,3964.95,6838.48,661.48,50597.88,0,Normal
EMP00420,HR,7,75.7,30897.26,12479.95,5067.33,1.6,0.0,6635.92,1126.32,41145.76,0,Normal
EMP00587,Operations,17,53.5,34522.1,15177.77,4013.41,4.4,0.0,9235.86,2062.34,43839.12,0,Normal
EMP00120,HR,18,51.2,44088.8,19811.98,10463.23,5.5,0.0,10536.89,2007.19,64093.26,0,Normal
EMP00054,Management,12,86.3,89425.6,34173.89,16010.57,23.0,0.0,15644.5,4077.4,139170.56,0,Normal
EMP00152,Management,4,93.6,106123.56,48643.9,12527.17,4.2,0.0,11065.74,7692.5,152715.01,0,Normal
EMP00404,Operations,9,79.1,34633.74,16624.36,5732.66,18.1,0.0,5749.03,1349.52,55769.12,0,Normal
EMP00812,Engineering,2,40.8,79628.75,31851.5,11944.31,0.9,7962.88,-3549.49,-899.38,136508.18,1,negative_deduction
EMP00208,Sales,3,69.5,43181.85,14141.28,4475.08,24.3,0.0,9120.16,3126.68,59388.74,0,Normal
EMP00840,Finance,4,58.1,396915.98,158766.39,59537.4,19.0,59537.4,79383.2,19845.8,646228.83,1,salary_spike
EMP00842,Sales,20,69.4,27231.7,10892.68,4084.76,390.5,2723.17,5446.34,1361.59,137817.93,1,impossible_overtime
EMP00009,Engineering,11,98.2,67178.17,27291.94,16021.4,3.0,0.0,14427.44,4621.1,93332.36,0,Normal
EMP00699,Management,3,97.2,83135.62,25081.43,11720.0,4.2,0.0,12883.96,6199.07,104127.49,0,Normal
EMP00037,HR,22,58.9,46282.83,15402.16,7534.62,6.2,2935.13,10224.2,1693.22,62927.51,0,Normal
EMP00453,Engineering,4,85.9,45811.86,15217.81,6896.25,7.5,8575.34,12535.74,2126.14,65060.53,0,Normal
EMP00254,Finance,24,65.4,52902.82,17200.43,6623.57,2.3,0.0,12381.32,3419.77,62066.45,0,Normal
EMP00304,Sales,25,95.3,41315.58,12676.69,8960.64,6.0,0.0,9596.22,2843.92,52836.77,0,Normal
EMP00750,Operations,29,85.8,35647.16,11906.51,6865.05,2.1,0.0,7268.36,2139.7,45712.46,0,Normal
EMP00572,Operations,4,62.8,49658.88,17212.46,10776.2,4.5,0.0,12872.43,3014.78,63855.31,0,Normal
EMP00617,HR,25,62.8,53379.84,24332.74,11532.5,17.5,0.0,9560.2,3822.46,84620.05,0,Normal
EMP00626,Operations,24,61.1,33020.19,15747.8,4775.04,4.0,6018.36,8855.63,1347.27,50596.75,0,Normal
EMP00263,Sales,22,84.2,65742.92,24515.01,16067.32,4.5,3996.14,8663.33,4895.03,99536.56,0,Normal
EMP00298,Operations,11,68.8,27254.95,9376.07,5587.53,0.4,4249.73,3714.66,1881.21,40974.62,0,Normal
EMP00415,Operations,2,63.6,34958.36,16632.51,7144.08,4.7,2988.64,5908.17,2752.44,54603.33,0,Normal
EMP00151,Operations,23,45.5,38695.85,16535.47,8962.83,1.5,0.0,6983.58,2261.78,55492.95,0,Normal
EMP00683,Finance,8,61.6,49741.75,23140.68,5206.77,8.2,0.0,11109.58,3744.51,67059.01,0,Normal
EMP00763,HR,25,42.8,41609.3,20373.74,7636.2,4.5,0.0,9967.49,889.3,60517.84,0,Normal
EMP00551,Operations,21,62.9,20000.0,8619.92,3558.42,15.5,0.0,4251.92,993.46,29839.21,0,Normal
EMP00489,Operations,7,74.5,22667.47,9914.34,5189.13,24.5,2881.25,2431.38,1439.3,41987.94,0,Normal
EMP00148,HR,22,40.5,41365.71,14368.56,7018.56,2.3,0.0,8325.89,2877.93,52440.96,0,Normal
EMP00147,Engineering,1,69.5,45554.52,19752.19,5536.15,5.3,0.0,9914.16,2718.02,60474.17,0,Normal
EMP00627,Engineering,5,61.3,33149.34,15605.53,5671.27,0.9,0.0,8263.21,1320.08,45122.55,0,Normal
EMP00800,Sales,21,67.9,46392.11,21782.19,10362.79,18.5,0.0,4818.27,2960.73,78804.22,0,Normal
EMP00810,Finance,27,82.3,0.0,12003.16,5237.77,0.0,25808.98,0.0,0.0,43049.91,1,ghost_employee
EMP00349,Finance,17,76.1,57080.85,24323.65,11814.2,7.3,0.0,13645.78,2406.76,81072.63,0,Normal
EMP00464,Engineering,3,88.4,41678.08,13946.0,6701.78,27.8,0.0,9252.34,1528.51,62407.36,0,Normal
EMP00326,Finance,14,45.2,39496.38,15704.91,7364.32,0.6,0.0,5268.6,2311.8,55207.38,0,Normal
EMP00187,Operations,24,88.0,20000.0,8868.69,4647.66,49.6,0.0,3235.1,878.52,38702.73,0,Normal
EMP00124,Engineering,16,60.1,61439.19,23802.6,9341.73,1.7,0.0,13373.7,1937.79,80251.22,0,Normal
EMP00734,Finance,14,81.7,52849.07,17043.3,6954.74,7.4,0.0,11065.4,2845.36,66602.75,0,Normal
EMP00609,HR,1,48.4,37112.43,18433.89,8373.97,5.8,3430.33,10975.1,1063.74,57329.77,0,Normal
EMP00144,Management,27,69.7,86922.2,39562.74,16005.52,1.1,0.0,17407.24,6716.52,119263.09,0,Normal
EMP00823,Engineering,11,99.9,45085.96,18034.38,6762.89,267.1,4508.6,9017.19,2254.3,176018.4,1,impossible_overtime
EMP00198,HR,8,98.5,37858.91,16223.69,7623.96,2.8,6543.78,9005.73,1827.84,58410.57,0,Normal
EMP00610,Operations,29,84.5,46788.03,20304.53,6641.36,8.1,0.0,5102.66,3065.76,69118.47,0,Normal
EMP00280,Sales,17,74.9,26654.92,11424.8,3226.7,7.7,0.0,7072.95,1321.89,34835.73,0,Normal
EMP00294,Engineering,10,93.5,62817.73,22073.77,10727.2,0.2,0.0,8188.99,4509.24,83038.25,0,Normal
EMP00401,Management,15,84.5,83747.69,39107.72,19095.6,5.2,0.0,13523.65,6362.52,126147.54,0,Normal
EMP00123,Operations,11,46.9,34175.07,13599.76,5851.98,1.4,0.0,7484.55,1962.9,44627.91,0,Normal
EMP00184,HR,22,72.6,41137.24,12710.09,4410.69,2.7,0.0,5943.36,2192.62,51163.33,0,Normal
EMP00203,Operations,15,59.8,31241.44,13781.38,7699.36,3.5,0.0,3153.23,1383.74,49210.32,0,Normal
EMP00439,Finance,22,51.0,50394.14,17024.44,,9.0,4771.3,12120.67,2291.35,67487.97,0,Normal
EMP00247,Finance,15,67.9,57715.86,18425.72,10106.72,13.8,0.0,16915.32,1704.06,75095.91,0,Normal
EMP00416,Sales,9,45.7,44021.52,21084.87,9071.96,8.0,0.0,11929.05,2284.75,63266.16,0,Normal
EMP00762,HR,9,93.5,40338.25,12555.1,9450.03,12.6,3880.18,8873.7,3055.1,59059.72,0,Normal
EMP00130,Operations,4,60.2,36315.35,11567.43,6376.75,51.4,0.0,5436.15,997.01,65325.83,0,Normal
EMP00638,Engineering,7,85.9,61668.42,23818.36,13492.09,3.8,5335.22,13129.99,2791.19,90589.85,0,Normal
EMP00403,Engineering,1,75.8,73433.69,31096.14,10972.09,12.6,13573.65,17652.25,2835.65,117262.02,0,Normal
EMP00679,Operations,14,81.8,30282.36,15038.98,5190.59,56.4,0.0,8750.13,2364.03,55409.57,0,Normal
EMP00668,Sales,18,55.6,31263.81,14476.53,7790.05,0.7,4391.1,7199.17,2282.95,48644.54,0,Normal
EMP00784,Operations,5,75.2,31940.04,14927.16,4236.07,11.8,6144.82,7236.88,1355.64,52188.94,0,Normal
EMP00220,HR,24,43.9,33915.89,12956.81,6824.91,0.0,3101.85,4982.72,679.02,51137.72,0,Normal
EMP00642,Operations,2,56.2,44214.58,13478.71,5707.41,4.2,8835.84,11198.21,3262.18,59517.1,0,Normal
EMP00786,Finance,17,72.0,76471.78,36513.22,17750.23,31.8,6519.14,8085.91,4354.23,147612.38,0,Normal
EMP00653,HR,25,70.5,33255.36,11587.13,4638.61,0.8,0.0,7576.51,2478.48,39675.53,0,Normal
EMP00789,Engineering,11,83.3,81457.43,33609.41,13162.7,3.1,0.0,17805.93,5347.88,107443.09,0,Normal
EMP00625,Finance,15,55.5,51042.74,19260.39,5250.04,0.3,0.0,13528.56,3173.99,58994.18,0,Normal
EMP00724,Operations,17,79.2,43750.28,14238.47,5424.01,2.7,6657.2,7517.15,3077.04,60583.2,0,Normal
EMP00661,Sales,18,42.2,50792.19,18094.81,8749.38,23.4,0.0,11798.04,3899.23,73081.65,0,Normal
EMP00387,Engineering,13,82.8,63376.59,30414.46,15708.85,12.2,0.0,16517.79,2381.47,97849.34,0,Normal
EMP00835,Engineering,19,60.3,59922.81,23969.12,8988.42,222.7,5992.28,11984.56,2996.14,208999.52,1,impossible_overtime
EMP00510,Engineering,9,85.7,58927.84,27227.59,12967.13,8.9,0.0,17255.54,3001.66,83782.15,0,Normal
EMP00268,Operations,28,57.1,42488.79,18080.18,8537.5,0.6,0.0,4979.84,920.5,63445.13,0,Normal
EMP00709,Engineering,7,71.2,60521.49,24921.31,10921.54,1.1,0.0,13875.51,2285.88,80827.08,0,Normal
EMP00442,Engineering,18,58.5,42042.45,16082.24,6741.37,13.6,0.0,9284.82,1211.74,59729.91,0,Normal
EMP00497,Engineering,27,72.7,48702.27,17669.39,11698.84,18.0,,6373.07,1149.44,83370.27,0,Normal
EMP00113,Operations,29,70.4,38972.74,16597.32,9163.7,3.4,2780.5,10373.34,2713.1,55670.08,0,Normal
EMP00233,Sales,24,51.3,41054.01,18924.74,9928.15,7.2,0.0,7090.27,1991.04,63596.74,0,Normal
EMP00764,Sales,2,85.3,27167.49,9241.28,6530.79,0.2,0.0,5237.88,2045.07,35707.55,0,Normal
EMP00608,Sales,13,64.4,50977.17,24364.39,6242.3,3.3,0.0,6561.69,1415.2,75184.08,0,Normal
EMP00374,HR,15,84.1,56153.7,20314.38,8858.18,9.4,5717.91,7784.33,1323.66,86884.72,0,Normal
EMP00844,Management,26,59.0,55129.01,22051.6,8269.35,2.7,238653.1,11025.8,2756.45,311716.26,1,bonus_abuse
EMP00234,Finance,1,68.9,41151.88,18361.1,6013.34,0.2,0.0,6978.55,1338.89,57286.04,0,Normal
EMP00680,HR,2,50.9,37276.55,12804.44,6338.23,2.8,5156.89,9895.81,2804.37,49854.44,0,Normal
EMP00318,Management,8,67.9,103010.2,32892.95,19815.05,0.0,8040.64,14477.03,3535.2,145746.61,0,Normal
EMP00649,Operations,16,57.1,24424.35,11070.57,5753.32,5.9,0.0,6396.36,714.39,35488.46,0,Normal
EMP00411,HR,6,50.8,40534.73,13197.77,9492.03,2.3,6286.92,10599.36,2059.27,57726.85,0,Normal
EMP00782,Finance,17,50.8,30124.95,10567.1,3936.12,0.3,2951.84,3908.62,800.72,42955.4,0,Normal
EMP00359,Operations,4,99.4,32126.75,13913.13,4237.74,0.9,5609.87,6982.0,1917.34,47259.22,0,Normal
EMP00259,Operations,21,47.9,34846.12,11478.91,6310.51,6.4,0.0,9906.78,1357.83,43461.7,0,Normal
EMP00628,Sales,21,44.9,44617.16,18728.88,5184.98,0.8,0.0,6959.59,1614.39,60291.67,0,Normal
EMP00633,Finance,5,97.3,50154.91,16077.51,9125.54,2.4,0.0,14180.2,3521.08,58785.17,0,Normal
EMP00283,Sales,29,61.4,33521.88,15928.16,5569.06,30.3,5828.53,8246.91,1533.69,60589.34,0,Normal
EMP00377,Sales,21,70.3,53212.73,18120.17,11187.3,2.5,8212.43,15770.07,1279.99,74929.74,0,Normal
EMP00385,Operations,6,87.2,34219.81,13284.17,6452.96,9.5,0.0,6737.69,771.33,49495.62,0,Normal
EMP00225,Sales,7,74.6,39238.68,15961.94,7651.63,6.5,6363.67,9365.13,3124.99,59116.91,0,Normal
EMP00818,Management,25,92.3,596011.17,238404.47,89401.68,8.7,89401.68,119202.23,29800.56,912828.37,1,salary_spike
EMP00705,HR,4,43.6,35124.17,14716.6,6165.81,7.3,0.0,6434.2,2222.81,49753.38,0,Normal
EMP00473,Finance,25,47.6,39761.7,19714.4,5040.04,16.2,0.0,4780.33,1063.99,64710.63,0,Normal
EMP00348,Finance,7,73.2,55692.84,21567.27,12089.85,8.3,0.0,11836.07,1751.15,80096.34,0,Normal
EMP00506,Engineering,20,57.9,41282.9,18034.0,4586.56,6.6,3848.63,8594.57,1316.09,60395.81,0,Normal
EMP00640,Engineering,1,57.6,45414.66,22639.55,9925.28,1.0,0.0,5464.4,1673.1,71267.75,0,Normal
EMP00849,Engineering,24,42.5,43991.04,17596.42,6598.66,3.9,21995.52,2199.55,879.82,88710.69,1,duplicate_manipulation
EMP00798,Sales,25,78.4,35606.94,15864.47,4464.06,9.5,0.0,10667.41,2038.0,46401.3,0,Normal
EMP00801,Finance,9,44.0,49437.66,19775.06,7415.65,9.4,4943.77,9887.53,2471.88,7356.94,1,net_salary_inconsistency
EMP00620,Engineering,19,54.0,36650.87,13595.68,7950.07,7.3,0.0,10950.16,2144.7,47610.05,0,Normal
EMP00736,Operations,24,75.0,23962.46,7298.11,4447.82,1.0,0.0,5995.46,1735.46,28202.12,0,Normal
EMP00646,Management,6,75.7,73062.42,32160.71,13252.47,16.8,11297.15,16835.66,3763.85,120680.57,0,Normal
EMP00729,Engineering,21,42.1,73350.23,34904.46,11914.2,28.4,0.0,11356.56,2071.28,126270.55,0,Normal
EMP00557,HR,8,97.0,31162.56,13149.84,4100.76,1.6,0.0,3658.53,1281.04,43941.03,0,Normal
EMP00822,Management,12,59.6,99803.19,39921.28,14970.48,6.9,9980.32,-3933.52,-581.18,175645.99,1,negative_deduction
EMP00578,Engineering,5,97.4,63037.73,21213.44,8979.85,15.2,0.0,9828.02,2658.5,89727.38,0,Normal
EMP00086,Finance,3,55.2,47496.63,18364.27,10507.45,10.4,0.0,10827.71,2698.19,67473.37,0,Normal
EMP00243,Engineering,2,56.2,70282.49,27375.68,9780.23,16.7,0.0,10639.71,3274.19,104528.1,0,Normal
EMP00160,Operations,24,91.7,27504.05,11964.29,3384.48,0.4,3678.53,2839.88,1412.11,42382.5,0,Normal
EMP00525,Operations,29,78.1,42077.65,14853.78,8637.91,2.8,0.0,7197.65,3250.2,56226.03,0,Normal
EMP00036,HR,21,55.6,28430.96,11309.23,4082.83,8.1,0.0,4209.83,1824.25,39947.92,0,Normal
EMP00541,Operations,10,89.1,29011.32,9734.09,5641.07,2.1,0.0,7293.02,1996.04,35668.58,0,Normal
EMP00171,Operations,1,53.7,35577.6,14473.76,7119.66,10.8,0.0,10341.07,1692.04,48740.14,0,Normal
EMP00655,Management,18,53.3,115424.63,49064.66,22658.78,9.9,0.0,30642.73,8194.89,159023.3,0,Normal
EMP00738,Engineering,15,97.9,56558.45,20463.93,7965.12,19.4,0.0,11303.08,3796.33,80174.66,0,Normal
EMP00778,Operations,4,42.0,30959.03,10700.39,3512.14,12.2,0.0,6931.7,1663.16,40117.64,0,Normal
EMP00811,Sales,19,89.7,51317.49,20527.0,7697.62,11.8,5131.75,-957.0,-391.52,91699.38,1,negative_deduction
EMP00096,Finance,6,97.7,36766.16,13988.14,6783.74,4.9,0.0,4349.84,1049.14,53828.01,0,Normal
EMP00564,Engineering,20,97.0,49526.78,18637.13,11629.58,4.0,6318.8,14832.54,1362.06,71774.94,0,Normal
EMP00241,Sales,8,84.1,53859.28,18454.39,9404.63,17.7,4925.92,13102.88,3633.75,78844.86,0,Normal
EMP00575,Sales,3,43.3,42719.06,16349.65,6318.04,4.0,2316.43,11032.97,3306.97,54965.2,0,Normal
EMP00691,Engineering,24,76.6,21043.81,6338.69,5190.76,10.6,4173.66,4309.18,1087.61,33441.36,0,Normal
EMP00461,Operations,5,99.4,43218.51,13942.4,10760.39,4.1,0.0,5001.0,903.03,63678.48,0,Normal
EMP00554,Sales,7,97.3,52278.01,17024.32,10363.15,18.7,0.0,11718.2,3853.99,73258.28,0,Normal
EMP00755,Finance,14,59.1,37570.8,18566.83,5723.4,3.9,0.0,8177.57,2140.29,52916.85,0,Normal
EMP00207,Management,26,95.3,82429.3,24822.56,13370.25,3.5,10731.53,9676.99,2375.61,122005.75,0,Normal
EMP00393,Management,9,94.4,99397.77,31005.39,22831.52,7.3,11307.55,14560.16,6226.68,150557.92,0,Normal
EMP00398,Sales,18,57.9,41649.69,15013.59,8236.22,6.8,0.0,9555.63,1671.11,56327.93,0,Normal
EMP00731,Sales,26,90.8,42868.26,16819.13,9349.89,2.7,0.0,9549.37,2190.52,58382.49,0,Normal
EMP00218,Operations,22,73.1,39812.29,19886.62,6821.2,0.1,5294.59,11269.52,1495.12,59087.38,0,Normal
EMP00005,Finance,8,40.4,52438.04,16689.58,6734.19,8.7,0.0,6171.39,1431.26,72536.14,0,Normal
EMP00643,Finance,26,53.1,38970.57,15909.59,6880.1,0.8,0.0,6771.42,2300.71,52980.41,0,Normal
EMP00771,Management,10,61.1,69635.9,30939.03,,9.3,0.0,8189.75,1607.61,105802.04,0,Normal
EMP00613,Management,6,76.4,124250.96,60500.8,23776.52,4.7,11096.93,21371.64,4008.82,199719.56,0,Normal
EMP00547,Finance,25,46.2,54187.11,17490.19,10970.53,13.6,0.0,8577.26,3680.67,77298.76,0,Normal
EMP00684,Operations,13,50.6,29396.2,9345.88,5965.82,3.7,0.0,6458.22,1048.14,38221.22,0,Normal
EMP00099,Operations,27,88.9,30690.07,12630.44,5306.75,3.0,0.0,3698.37,907.31,44884.74,0,Normal
EMP00728,Engineering,5,52.1,51532.94,21826.58,6745.87,8.3,0.0,7954.98,1262.16,74898.16,0,Normal
EMP00574,Engineering,14,83.8,50282.96,17905.81,7431.22,11.3,2635.71,14122.55,3376.62,66083.38,0,Normal
EMP00407,Operations,1,55.2,38339.38,17125.31,6025.61,15.4,6649.1,5173.05,1814.95,66686.65,0,Normal
EMP00503,Sales,19,93.9,40600.6,16999.16,4843.25,2.8,0.0,5784.61,2587.44,55136.73,0,Normal
EMP00048,Engineering,12,59.0,57414.56,26000.11,7590.34,11.4,0.0,16936.11,3029.92,77175.16,0,Normal
EMP00033,Finance,17,54.1,51761.44,25267.37,6744.19,5.5,6791.04,5817.99,2037.08,85377.92,0,Normal
EMP00201,Engineering,20,60.9,45101.93,22071.85,8375.34,0.6,8102.16,6562.87,1292.86,76049.25,0,Normal
EMP00135,Operations,29,71.2,29017.74,11090.74,6704.75,0.8,4257.9,3275.94,2226.06,45786.76,0,Normal
EMP00028,Finance,17,57.9,47032.28,19813.56,10962.96,9.9,0.0,6713.77,2571.69,72888.52,0,Normal
EMP00757,Sales,18,94.7,32942.67,16197.96,6058.56,5.0,0.0,7059.75,2438.92,47244.71,0,Normal
EMP00231,HR,27,71.7,35191.76,12433.94,6104.04,1.4,0.0,7602.07,1337.23,45252.33,0,Normal
EMP00490,Management,15,80.2,63741.25,28983.71,9349.15,11.2,0.0,18568.17,2220.23,87978.54,0,Normal
EMP00379,Sales,12,49.5,20173.3,10005.19,2910.69,2.8,0.0,3684.19,920.63,29013.91,0,Normal
EMP00289,Sales,19,60.5,37428.71,17322.73,7899.05,0.2,0.0,8592.79,2262.61,51865.27,0,Normal
EMP00419,HR,9,52.1,32927.22,13270.9,7812.37,13.8,0.0,8311.46,2628.48,47330.51,0,Normal
EMP00675,Engineering,3,100.0,52457.85,23527.3,7581.74,3.4,0.0,8615.69,3635.58,72987.71,0,Normal
EMP00392,Finance,13,58.7,43653.16,17496.58,4568.49,8.0,6431.63,4719.83,2614.39,68089.63,0,Normal
EMP00593,Engineering,17,45.8,50466.81,21162.79,11263.41,11.3,0.0,13602.14,2182.39,72454.81,0,Normal
EMP00499,Sales,3,91.1,54857.87,25791.97,9271.79,6.9,5095.21,14158.57,3926.17,80480.72,0,Normal
EMP00139,Finance,13,66.1,29253.75,9126.66,4721.14,4.4,0.0,3532.84,967.83,39807.6,0,Normal
EMP00063,Management,10,75.4,80577.95,39674.09,15261.11,5.3,0.0,24000.17,3029.8,112486.9,0,Normal
EMP00472,Operations,1,86.0,31057.06,12943.92,6558.41,11.7,0.0,8588.85,1895.02,43482.09,0,Normal
EMP00648,Operations,19,89.9,41607.82,17955.75,9234.23,13.5,0.0,6587.53,1537.8,65938.46,0,Normal
EMP00129,Sales,2,72.3,50013.02,16164.39,7303.92,6.2,0.0,10173.82,1776.61,64437.91,0,Normal
EMP00839,HR,21,49.2,32536.48,13014.59,4880.47,4.4,3253.65,6507.3,1626.82,-23446.6,1,net_salary_inconsistency
EMP00521,Finance,6,54.7,31320.99,14384.34,6941.64,8.7,0.0,7866.39,1812.5,45522.7,0,Normal
EMP00065,Management,23,56.9,81723.89,39247.35,11577.05,11.6,0.0,10228.58,5929.22,125277.96,0,Normal
EMP00015,HR,8,80.7,31990.33,14311.84,7834.99,9.5,0.0,8250.63,1000.35,47735.32,0,Normal
EMP00157,Sales,27,95.4,48900.41,19127.1,6283.2,17.6,0.0,8789.31,3853.3,69736.67,0,Normal
EMP00041,Management,19,41.9,70879.45,21653.58,10062.02,2.6,4507.85,11138.13,3235.6,94456.86,0,Normal
EMP00493,Engineering,6,85.4,61865.03,30925.72,7017.05,4.0,0.0,11082.19,2033.91,89011.64,0,Normal
EMP00380,Operations,19,90.6,40564.09,20145.9,7979.32,4.6,2035.77,9057.25,1047.75,62369.41,0,Normal
EMP00188,Engineering,20,44.4,72706.96,30223.51,18064.29,5.8,0.0,21503.12,2021.61,101423.47,0,Normal
EMP00217,Operations,20,82.9,40406.93,19762.63,4107.65,12.2,0.0,6579.43,2119.84,60199.48,0,Normal
EMP00053,Finance,2,49.3,46235.14,18200.93,8822.49,6.1,0.0,5309.37,2738.7,67854.56,0,Normal
EMP00338,HR,29,54.7,23292.28,7972.33,2494.24,2.2,0.0,3255.85,813.96,30169.44,0,Normal
EMP00749,Operations,4,83.3,39950.31,18946.0,4896.01,21.5,3413.48,7378.78,1919.4,65960.1,0,Normal
EMP00720,Management,12,78.9,75308.78,29939.81,12246.14,3.3,0.0,18332.42,6014.51,95477.67,0,Normal
EMP00725,Finance,21,87.2,40241.14,12650.91,5000.96,8.9,7731.86,10852.05,2244.94,55885.5,0,Normal
EMP00296,Operations,11,55.2,35489.32,16747.17,3580.88,10.3,0.0,8997.5,1096.31,49150.5,0,Normal
EMP00702,Sales,17,42.5,41320.57,18345.5,9435.32,5.9,0.0,7765.34,3092.47,60529.12,0,Normal
EMP00252,Management,17,66.9,77798.41,27348.66,16029.65,2.9,8242.17,20413.75,3893.78,107226.5,0,Normal
EMP00727,Sales,27,56.0,26714.58,10654.16,6255.85,10.6,2927.17,5137.67,1922.31,42146.54,0,Normal
EMP00462,Finance,3,47.0,32395.55,11371.07,6915.35,0.3,0.0,7062.4,1474.13,42236.55,0,Normal
EMP00456,Operations,9,90.8,38387.33,14287.72,9437.95,0.9,0.0,9560.24,2537.48,50339.17,0,Normal
EMP00858,Engineering,26,92.6,79353.8,31741.52,11903.07,10.0,7935.38,-1498.19,-824.63,140696.01,1,negative_deduction
EMP00270,Operations,10,58.2,29525.62,8915.12,3171.14,30.9,5616.28,6533.89,982.9,48264.57,0,Normal
EMP00202,Management,10,93.7,87056.77,40467.1,20587.24,14.8,0.0,12971.11,5050.11,142169.02,0,Normal
EMP00162,Engineering,1,40.1,61497.13,20573.63,11079.89,11.0,0.0,17754.29,4469.13,77269.12,0,Normal
EMP00556,Sales,19,90.7,55369.78,24260.34,6831.29,2.4,0.0,7666.42,2062.19,77978.62,0,Normal
EMP00730,Engineering,28,62.2,51694.62,23162.59,7585.74,19.4,7873.69,5809.15,2898.53,91010.92,0,Normal
EMP00402,HR,23,87.8,28231.4,10781.39,3651.27,8.2,0.0,7557.53,968.83,36307.99,0,Normal
EMP00703,Operations,5,80.8,41068.29,17670.72,7176.79,3.9,0.0,10262.13,2404.85,54750.38,0,Normal
EMP00477,Finance,17,52.8,36241.97,14031.74,8177.97,2.6,0.0,5863.21,1460.54,52011.33,0,Normal
EMP00772,Finance,23,59.4,44855.11,14246.03,9979.36,1.7,0.0,10948.6,3428.2,55418.58,0,Normal
EMP00106,Sales,26,72.1,59847.38,21605.76,10080.81,0.1,4141.09,12592.41,1776.72,81362.02,0,Normal
EMP00566,Sales,2,,35130.81,15618.56,4096.41,23.6,0.0,5004.64,1660.79,55953.04,0,Normal
EMP00390,Sales,4,67.7,44797.61,14276.81,9145.17,6.6,6112.06,9959.49,1245.99,65898.02,0,Normal
EMP00002,Operations,9,43.7,25316.14,10479.61,4570.32,16.1,0.0,3018.69,1399.13,39769.4,0,Normal
EMP00836,Operations,10,76.9,231343.49,92537.4,34701.52,11.1,34701.52,46268.7,11567.17,359522.24,1,salary_spike
EMP00562,Engineering,3,44.1,43327.01,18086.45,5970.83,7.2,0.0,9175.88,1452.96,59680.02,0,Normal
EMP00081,Sales,20,59.3,51534.08,17418.62,9142.28,25.0,5407.08,13857.99,3636.94,78085.43,0,Normal
EMP00206,Finance,16,67.3,50700.58,17963.06,10216.31,0.8,8109.92,5945.9,2025.49,79398.73,0,Normal
EMP00035,Sales,8,56.5,41943.37,19806.66,6984.63,0.1,5415.85,6732.11,2695.81,64761.91,0,Normal
EMP00776,Operations,19,59.9,27737.95,10475.02,6212.78,4.9,0.0,4709.59,2010.17,38980.2,0,Normal
EMP00509,Management,14,99.9,89159.03,38302.08,12601.5,0.7,8461.01,26623.32,3598.06,118887.35,0,Normal
EMP00428,Finance,16,71.7,64241.15,21555.94,10437.83,3.5,0.0,8479.05,2389.17,87474.61,0,Normal
EMP00455,Finance,10,90.1,58960.56,24702.89,9176.54,11.8,0.0,10291.95,3528.59,85541.96,0,Normal
EMP00367,Management,5,44.9,78684.2,24265.19,8681.9,1.7,,13636.2,6028.75,93220.37,0,Normal
EMP00092,Management,9,95.0,82054.08,25757.78,20039.87,7.5,5470.95,15533.78,3482.89,120075.44,0,Normal
EMP00340,Operations,15,67.7,38615.92,12721.63,4214.11,7.7,2011.25,7932.44,2815.2,49602.86,0,Normal
EMP00565,Sales,8,66.5,58728.97,19684.08,13736.7,8.0,0.0,10640.52,4622.39,81291.51,0,Normal
EMP00346,Finance,27,84.7,61424.17,18723.82,10623.96,1.0,10259.99,6851.17,3829.07,90927.55,0,Normal
EMP00777,Sales,11,70.3,36099.55,15735.46,5445.22,13.2,0.0,7661.29,2162.2,51924.06,0,Normal
EMP00242,Operations,19,40.7,28618.07,12105.98,6277.22,7.6,0.0,3804.34,617.5,44618.47,0,Normal
EMP00014,Engineering,26,71.9,66122.52,32818.58,12604.86,6.0,0.0,6756.77,2669.45,105839.13,0,Normal
EMP00316,Engineering,3,51.1,30228.85,14851.32,6384.73,6.3,4776.66,4387.85,1256.09,52383.01,0,Normal
EMP00601,Engineering,11,58.7,65363.07,21733.29,10530.48,0.9,0.0,18557.97,5097.58,74522.79,0,Normal
EMP00388,Sales,13,95.9,51103.37,18707.39,11242.88,9.9,0.0,7902.28,1723.06,76171.33,0,Normal
EMP00274,Engineering,6,83.7,45856.27,16892.81,6390.74,8.4,4871.74,5380.04,1574.06,70668.64,0,Normal
EMP00167,HR,23,89.1,36751.45,18217.21,8801.94,2.4,0.0,5176.07,1830.22,57591.22,0,Normal
EMP00854,Management,28,58.2,103875.93,41550.37,15581.39,24.8,10387.59,20775.19,5193.8,16957.74,1,net_salary_inconsistency
EMP00647,Engineering,20,54.3,53284.67,17471.67,13177.95,7.5,0.0,5806.18,4156.24,77718.45,0,Normal
EMP00485,Management,23,72.0,107012.57,45095.79,15814.08,1.0,0.0,17177.64,4348.43,147399.61,0,Normal
EMP00843,HR,14,43.2,43382.01,17352.8,6507.3,2.5,4338.2,8676.4,2169.1,-30875.79,1,net_salary_inconsistency
EMP00505,Finance,9,89.8,61656.69,19841.41,10127.68,9.7,0.0,10821.75,2416.04,83994.89,0,Normal
EMP00244,Sales,23,45.5,48275.05,16014.33,5712.77,6.0,0.0,8941.12,2666.99,61109.51,0,Normal
EMP00567,Management,27,69.8,61919.88,27340.37,13596.52,1.5,0.0,13979.64,4292.92,85454.96,0,Normal
EMP00563,Sales,5,,52443.23,18921.01,6116.65,6.6,6732.68,8395.85,2930.7,76131.94,0,Normal
EMP00687,Operations,15,55.6,20000.0,7486.19,4446.05,2.1,2574.55,4400.83,811.94,29687.77,0,Normal
EMP00190,Finance,2,97.0,41915.36,12703.5,7138.27,12.3,0.0,9007.7,2359.02,55223.77,0,Normal
EMP00783,Sales,18,44.4,42311.84,13113.87,9926.92,17.7,0.0,10696.44,1036.26,60641.05,0,Normal
EMP00700,Engineering,5,93.0,50273.79,24819.32,5411.8,4.9,0.0,13955.74,2545.42,66313.2,0,Normal
EMP00476,Sales,3,91.6,40495.86,15745.87,8665.9,6.4,4690.47,8129.75,910.58,62987.52,0,Normal
EMP00682,HR,19,72.1,39564.18,17521.73,7135.55,16.4,3516.82,10889.67,2642.48,60289.12,0,Normal
EMP00511,Operations,29,54.5,39077.47,12813.93,7833.72,5.1,0.0,10388.15,1178.02,50027.34,0,Normal
EMP00059,Operations,1,71.9,32472.03,14688.64,5199.73,0.2,0.0,7338.33,1094.77,43988.19,0,Normal
EMP00475,Engineering,26,68.9,40562.5,19867.85,6628.47,8.6,0.0,10535.06,1222.52,58571.59,0,Normal
EMP00561,HR,21,49.8,39816.45,19620.66,7283.62,0.4,0.0,4914.04,2749.19,59206.81,0,Normal
EMP00748,HR,28,44.0,33434.34,14878.16,6614.51,3.8,0.0,6584.58,871.95,48661.58,0,Normal
EMP00253,Engineering,15,86.5,56710.05,17360.65,13939.25,1.2,6024.27,15214.72,1644.73,77812.76,0,Normal
EMP00022,Management,17,54.2,56283.17,23106.45,13267.85,9.3,0.0,9228.2,4415.07,83921.39,0,Normal
EMP00314,Engineering,29,57.1,44471.18,19281.05,10449.0,5.5,7687.3,5455.43,1853.11,76873.04,0,Normal
EMP00460,Sales,24,90.3,36834.88,15651.56,3714.26,0.0,0.0,9318.17,826.63,46055.9,0,Normal
EMP00161,Operations,19,80.3,38650.5,16051.83,4079.34,4.9,6048.22,6392.12,2264.65,57948.63,0,Normal
EMP00277,Operations,11,43.7,25972.65,11431.2,2726.5,12.6,0.0,3728.63,565.61,38904.13,0,Normal
EMP00192,Sales,6,90.2,47142.87,16321.11,10679.91,4.6,,14059.87,1112.0,61005.06,0,Normal
EMP00386,Sales,13,62.1,61537.96,26077.4,6667.64,4.2,0.0,8326.44,2658.06,85721.56,0,Normal
EMP00806,Finance,27,94.6,234905.23,93962.09,35235.78,28.8,35235.78,46981.05,11745.26,404036.98,1,salary_spike
EMP00414,Sales,8,44.5,28841.7,11640.06,3135.23,11.1,0.0,3426.65,2236.8,40954.88,0,Normal
EMP00492,Finance,16,54.5,60594.81,22318.08,8187.81,21.9,0.0,12583.61,2108.24,88849.72,0,Normal
EMP00344,Engineering,16,61.2,47939.23,18840.54,6397.49,13.6,0.0,14177.71,2075.25,63036.55,0,Normal
EMP00770,Operations,27,56.1,41855.26,17633.0,6510.09,0.2,3581.23,5339.82,1500.96,62817.28,0,Normal
EMP00309,Management,29,63.3,63437.19,31327.08,8333.28,22.9,0.0,13826.4,1306.0,101584.32,0,Normal
EMP00662,Management,21,86.7,83791.8,40454.68,14076.97,4.6,7200.46,17986.67,3631.05,127519.71,0,Normal
EMP00131,Engineering,5,93.6,63077.91,27249.82,9875.06,6.3,0.0,13959.15,3907.54,86061.64,0,Normal
EMP00664,Engineering,23,64.5,48532.16,19594.97,5531.26,21.7,4224.64,8188.97,2216.1,77351.22,0,Normal
EMP00100,Sales,4,89.0,44629.52,16476.84,8612.57,1.1,0.0,11807.74,1774.17,56597.26,0,Normal
EMP00373,Engineering,7,,59962.85,28467.41,11991.04,3.5,0.0,14650.07,3253.04,84485.72,0,Normal
EMP00088,Operations,13,86.7,32873.99,12878.8,8147.78,11.7,,7364.68,889.76,49252.0,0,Normal
EMP00459,Finance,10,,38034.91,12174.64,7844.0,9.5,0.0,7840.99,2902.37,50697.67,0,Normal
EMP00331,Operations,22,71.2,32232.76,15740.1,5705.49,2.7,0.0,6550.09,1626.43,46317.72,0,Normal
EMP00215,Engineering,15,87.0,48204.91,22358.13,6406.89,3.7,0.0,7737.1,1983.0,68921.94,0,Normal
EMP00467,Engineering,13,91.5,47857.98,16042.27,5040.52,3.5,8772.18,12306.03,2684.94,64292.32,0,Normal
EMP00122,Sales,27,69.0,42098.46,18271.64,8193.91,8.1,0.0,4361.6,1726.46,65672.8,0,Normal
EMP00615,Management,5,49.1,89535.91,44620.73,12447.95,4.6,0.0,22300.71,2190.23,125974.89,0,Normal
EMP00021,Engineering,10,99.5,72638.24,29706.94,7738.92,17.4,0.0,21583.48,1574.46,98775.27,0,Normal
EMP00701,Engineering,25,47.8,55493.84,23220.24,8656.58,9.7,8425.14,7735.49,3503.31,89603.47,0,Normal
EMP00072,Operations,10,49.4,37107.5,15312.29,4105.56,4.9,0.0,6135.57,1758.89,50335.52,0,Normal
EMP00107,Engineering,22,53.3,65365.38,29120.73,8576.77,18.5,11302.98,9686.18,1922.47,114094.02,0,Normal
EMP00271,Engineering,7,54.9,33213.05,14440.3,6303.04,3.5,0.0,5520.42,2061.98,47463.79,0,Normal
EMP00436,Operations,19,80.6,41077.9,13591.94,9862.9,2.8,5918.83,10696.95,2147.53,58685.38,0,Normal
EMP00103,Management,28,98.4,83730.84,27833.96,19551.75,2.7,15244.77,13014.16,6385.55,129081.05,0,Normal
